Organization,Followed On
UUX Ultimate User eXperience,Tue Feb 18 14:34:48 UTC 2014
Python Software Foundation,Tue Oct 06 03:06:41 UTC 2015
Uninove - Universidade Nove de Julho,Tue Sep 06 23:26:33 UTC 2016
"Agile Content, S.A.",Fri Jun 16 13:53:50 UTC 2017
CarLabs.ai,Fri Oct 06 23:56:02 UTC 2017
Santander Tecnologia,Tue Feb 05 19:47:51 UTC 2019
Santander Brasil,Mon May 20 09:40:31 UTC 2019
SEBRAE,Thu Jan 23 23:08:32 UTC 2020
Pequenas Empresas & Grandes Negócios,Thu Jan 23 23:08:45 UTC 2020
Crossover for Work,Mon Apr 20 13:46:13 UTC 2020