First Name,Last Name,Email Address,Company,Position,Connected On
Amanda,Tajes,,Accenture,Cloud Business Op. Associate Manager,01 May 2020
 Franciele,Marca da Rosa,,BEYOND Soluções,Analista de Recrutamento e Seleção Sr,23 Apr 2020
Andréa,Júdice,,Estima Consult,Consultora de Talentos e Desenvolvimento de Lideranças,22 Apr 2020
Veronica ,Vasconcelos,,DRL IT TALENTS,Talent Acquisition,22 Apr 2020
Phillippe,Santana,,Ideia no Ar,CTO,22 Apr 2020
Matthew,Watson,,Origin,Founder | CEO,14 Apr 2020
Vitor,Ribeiro Pais Del Pezzo,,XD Game Studio,CEO,07 Apr 2020
Vinicius,Cruz,,Guru,Head Of Design,13 Mar 2020
July,Demenjon de Souza,,Bcredi,Tech Recruiter,05 Mar 2020
Rafaela,Amaral,,Moot Consulting,It Recruiter | Resources Human,05 Mar 2020
Maria Bruna,Martins,,Programmer's - Beyond IT,Talent Acquisition,05 Mar 2020
Lucas,Amorim,,Guru,Cloud and DevOps Specialist,05 Mar 2020
Tom,Bernardes,,Guru,Co-Founder & CTO,05 Mar 2020
Felipe,Saramago,,Level Executive Search,Partner,13 Feb 2020
Renato,de Luna,,Freelance,Front-End Developer,13 Feb 2020
Lucas,Bitencourt,,Intera | Talent Hacking,Head Of Finance And Administration,13 Feb 2020
Andy,Niemeier,,Green Peak Capital Partners,Managing Director,13 Feb 2020
Mariana,Santos,,WeSearch | Headhunting,CEO and Headhunter,23 Jan 2020
Caroline,Leão,,Agence Consultoria – Brasil | Chile | USA,Analista de Recrutamento e Seleção,23 Jan 2020
Thamires,Prince,,Experis Brasil,Tech Recruiter | Talent Acquisition,23 Jan 2020
Charlie,Qazi,,Klarna,Talent Partner ,23 Jan 2020
Paulo,Afonso,,Concrete Solutions,Scrum Master,23 Jan 2020
Alex,Kim,,Alstra Technologies,Business Development,23 Jan 2020
Ana Paula,Onodera,,TailorIT,Key Account Manager,23 Jan 2020
Ekaterina,Olkhovaya,,Global Talents Recruiting agency ,Managing Partner,23 Jan 2020
Bruna,B. Vieira de Mello,,Sinergia Soluções em TI,Gestora de Recrutamento e Seleção,23 Jan 2020
Darina,Taran,,Relocate Me,Sourcing Specialist,23 Jan 2020
Airton,Gaudenci,,E-volve.In,Co Founder,23 Jan 2020
Dani,Veiga ,,Pagar.me,Tech Recruiter Specialist ,23 Jan 2020
Márcia,Motta,,Cross Border Talents,Consultora de Recrutamento Global,23 Jan 2020
Giovani,Poleto ,,Hagloo,Analista de RH Sênior,23 Jan 2020
Michel,Toledo,,TailorIT,Analista de Recrutamento e Seleção,23 Jan 2020
Tatiane,Almeida Gieswein,,TG Hunter ,Headhunter IT ,23 Jan 2020
Jacob,Liberman,,"Fieldtech Software, Inc.",Co-Founder & CEO,23 Jan 2020
Thiago,Silva,,The RealReal,"Vice President, Global Talent Acquisition",06 Nov 2019
Alexandre,Gomes Garupo,,ILS contabilidade,Gerente de contabilidade financeira,06 Nov 2019
Shirley,Sarno Pinheiro,,Taking,Talent Acquisition,06 Nov 2019
Mari,Werneck,,atento brasil,teleoperador,06 Nov 2019
Angelo,Morais,,Randstad Brasil,Tech Recruiter,06 Nov 2019
María Laura,Eroles,,Truelogic Software,IT Talent Specialist,06 Nov 2019
Mariana,Rodrigues,,Ventura Tec,Headhunter & Partner,06 Nov 2019
Israel,Wenceslau Alves,,Agence Consultoria – Brasil | Chile | USA,IT Project Coordinator - Business Performance  - IT Head Hunter ,06 Nov 2019
Bárbara Romano,Paixão,,Talent Group.,Consultora de Recrutamento & Seleção,06 Nov 2019
Bruna,Sousa Rey Alvarez,,TRISCAL,IT Recruiter /Analista de Suporte ao Negócio,06 Nov 2019
Mauricio Rodrigo,Pandelo,,Sysplan Tecnologia Ltda.,Diretor comercial,06 Nov 2019
Charlie,Cotona,,LM,Senior Recruitment Consultant,06 Nov 2019
Paola,Meireles,,INEX - Soluções Tecnológicas,Assistente de R&S,06 Nov 2019
Yunna,Jimenez,,TailorIT,IT Recruiter,06 Nov 2019
Ícaro,Carbonari Paludo,,Fox Human Capital,"Headhunter | Tecnologia, Serviços e Indústria",06 Nov 2019
Roberta,Foresti,,Anaconda Industrial e Agrícola de Cereais S.A.,Regional  HR,06 Nov 2019
DRL,Talents,,DRL IT TALENTS,Talent Acquisition,06 Nov 2019
Sabrina,Duarte,sabrina@ciandt.com,CI&T,Talent Acquisition Specialist,06 Nov 2019
Daniel,Pessoa,,Intel Corporation,C# Developer and Business Intelligence Consultant - Outsourced Employee,06 Nov 2019
Mauro,Tardivo Filho,,CI&T,Systems Architect,06 Nov 2019
Luiza,von Ah Ambiel,,e-volve.in,Startup Helper,06 Nov 2019
Henzo,Benetti,,e-volve.in,Tech Recruiter,22 Aug 2019
Isabel,Sopoglian,,CarLabs,COO,22 Aug 2019
Nicholas,Matos,,"Agile Content, S.A.",iOS Developer,09 Aug 2019
Johnny,Silva,,Meta,Analista de Atraçao e Retençao ,11 Jul 2019
Simone,Santos,,Infracommerce,Coordenadora de RH,11 Jul 2019
Chloe,Exley,,TrioTech Recruitment,"Senior Talent Partner - Frontend, Scandinavia- I'M HIRING!",11 Jul 2019
Elisangela,Gregori,,Decision Group Consultants,Especialista em R&S de TI,11 Jul 2019
Renata,Araujo,,GSN ,Senior Talent Acquisition Specialist,11 Jul 2019
Marcella,Catapano,,Bom Pra Crédito,Head of HR,11 Jul 2019
Zhang,Squid products,,水产公司Shandong kenowei aquatic products co. LTD,总经理,11 Jul 2019
André,Pontes,,CVC CORP,Analista de sistemas,11 Jul 2019
Gabriel,Rocha,,Sanofi,Supply Chain Coordinator (Data & Governance),11 Jul 2019
Stephen,Farr,,DSTC,Sales Manager,11 Jul 2019
Danilo,Barros,,"Agile Content, S.A.",Gerente de Portfolio de Projetos,11 Jul 2019
Ana Beatriz,Fernandes,,Between RH TI ,Analista de RH,11 Jul 2019
Thaize,Rodrigues,,Votorantim,Analista DHO,11 Jul 2019
Nayara,Marques,,High Group | Executive Search | Development | Career,Recruiting Consultant - Executive Search,11 Jul 2019
Camila,Vono,,Intellibrand,Customer Success Retail,11 Jul 2019
Lucimara,Passos,,Jump Label Solutions,HR Manager,02 May 2019
Vivian,Almeida,,SND Distribuição,Analista de RH,02 May 2019
Cereso,Rodrigues,,Almundo,Senior Software Engineer,02 May 2019
Lilian,Moreira,,Intolabs S/A,RH,02 May 2019
Maria Carmem,Vicentini Marchetti,,Autonoma,Senior Talent Acquisition Specialist,02 May 2019
Irina,Kaleda,,Port Louis Assessoria E Servicos Financeiros,Assistente de RH,02 May 2019
Barack,Karavani,,Distru,Senior Software Engineer,01 Apr 2019
Pedro,Zigante Martim,,Intellibrand,Desenvolvedor Full-Stack Jr,19 Mar 2019
Tilza,Piñero Cambero,,TECLA,Lead Recruiter,19 Mar 2019
Tailane,Oliveira,,Marketdata,Recursos humanos,19 Mar 2019
Yuri,Golobokov,,EPAM Systems,Lead Software Engineer,19 Mar 2019
Maicon,Alcântara de Oliveira,,Thomson Reuters Brasil,Data Migration and Development Analyst,14 Feb 2019
Jéssica,Soós Moreira,,Tegra - Soluções Digitais,Senior Human Resources Analyst,08 Feb 2019
Thiago José,Jacob Carnevalli,,ART IT Intelligent Technology,Android Developer,06 Feb 2019
Felipe,Baxhix,,FIND HR,Consultant - Tech & Digital,06 Feb 2019
Priscila,Mattiota,,Seguros Unimed,Analista de RH,30 Jan 2019
RENATA,DARDIS DE SOUZA,,Celfinet,Global HR Recruitment Expert,30 Jan 2019
Juliana,Baião,,Globo.com,Scrum Master,30 Jan 2019
Vanessa,Menezes,,Avonale ,Coordenadora do SAC Fandi,30 Jan 2019
Jeff,Almeida,,JR Mobile Consulting,Senior Android Engineer | Architect,30 Jan 2019
Alex,Vaz Pedrozo,,Profícua Tecnologia,TI Pleno,30 Jan 2019
Heloisa,Moraes,,Mazzatech Systems & Outsourcing,Talent Aquisition / Business Partner,30 Jan 2019
João Henrique,Benedet,,Fox Human Capital,"Headhunter | Tecnologia, Serviços e Indústria ",18 Jan 2019
Haeckel,Lemos,,Raízen,Analista Funcional,18 Jan 2019
Rafael,Tabat,,Reachr Soluções Inovadoras em RH, Human Resources Analyst,18 Jan 2019
Ana María,González Mingo,,Indra,Ingeniero de Sistemas Senior,18 Jan 2019
Daniella,Souza Oliveira dos santos,,RHMED Consultores Associados,Analista de Operações Júnior ,18 Jan 2019
Bruna,M. Santos,,Mercado Livre,Senior Talent Acquisition Specialist,18 Jan 2019
Flávio,augusto Gomes de jesus,,GOD NET TECNOLOGIA,Diretor,18 Jan 2019
Mohamed,Zahran,,SoftCare LLC,Software QA Lead,11 Jan 2019
Larissa,Lião,,Randstad Sourceright,Talent Sourcer,03 Jan 2019
Darshan,Ramanagoudra,,Try Catch,Business Development,21 Dec 2018
Dabelitz,Ortiz,,LatamReady,NetSuite Tax Compliance Specialist  in Latin America | Improving company’s financial operations,21 Dec 2018
Paulo,Pelegrini,,Prediktive,Recruiting Staffing Manager,21 Dec 2018
Wellington,Nunes Oliveira,,,,28 Nov 2018
Kazuo,Kaneto,,Babica Soluções Informatizadas,CEO,24 Oct 2018
Maicon,Heck,contato@maiconheck.com,KCS iT,.NET Senior Developer,09 Oct 2018
Blake,Wood,,CarLabs.ai,Software Engineer,09 Oct 2018
Guilherme,Keleti Colini,,Peddi,Founder,29 Aug 2018
Guilherme,Afonso dos Santos,,Resource IT Solutions,Arquiteto de soluções,29 Aug 2018
Agnei,de Carvalho Silva,,Confitec,Analista/Desenvolvedor de Softwares,29 Aug 2018
Cristiane,Feitoza de Lima,,3CON Consultoria e Sistemas,Analista de recrutamento e seleção,29 Aug 2018
,,,,,29 Aug 2018
Emad,Shaaban,,Bizzo Tech,Co-Founder  and CTO,29 Aug 2018
Giuliana,Amendola,,GOintegro,Sales Development Representative,29 Aug 2018
Luana,Lazarin,,Via Varejo SA,Talent Acquisition - Tecnologia & Produto,29 Aug 2018
EDINALVA Araújo,Araújo,,Ágile,Serviço gerais,29 Aug 2018
Leandro,Gomes,,Dextra Digital,Product Owner,29 Aug 2018
Rodrigo,Moura,,DRE Business & Trainings,Consultor de Carrreira e Negócios,29 Aug 2018
Rafael Sussumu,Furutani,,Meta,Tech Recruiter,29 Aug 2018
Letícia,Trindade Corrêa,,Acerola Comunicação,Analista de mídias sociais,29 Aug 2018
André,Santo,,TIVIT,Coordenador de serviços de TI,29 Aug 2018
Pete,Hanson,,"Up and Running Software, Inc.",Founder,29 Aug 2018
,,,,,29 Aug 2018
Rita de Cássia,Oliveira Szerniak,,Talentos IT Human Resources,CEO & IT Headhunter,29 Aug 2018
P,W,,Macy's,.,29 Aug 2018
Thais,Rosa,,People Talent ,Partner,03 Aug 2018
Claudia,Lucena,,KLB GROUP,Talent Acquisition Manager,28 May 2018
Lilian,Kelly Costa Rodrigues,,All Easy Consultoria em Informática.,Analista de Recursos Humanos Senior,28 May 2018
Eric,Fer,,IEF Treinamentos e Desenvolvimento Humano,"Founder, Mentor e Coach",13 May 2018
Vilma,Mota,,portaljobs.com.br,Job Hunter,13 May 2018
Mohamed,Kamel,,cvrest,Founder,13 May 2018
Joseph,Schumacher,,"AutoWeb, Inc.","Director, Strategic Dealer Group Partnerships",13 May 2018
Jit,Singh,,AT&T,OTT/Video Product Strategy,13 May 2018
Franciele,Oliveira,,everis,Tech Recruiter,02 May 2018
Bruna,Sampaio,,Banco PAN,Analista Desenvolvedora Full Stack Sênior,19 Mar 2018
Bruno Flávio,Câmara de Oliveira Andrade,,XP INVESTIMENTOS,Analista de Desenvolvimento,19 Mar 2018
Ilya,Brotzky,,VanHack,Founder & CEO,07 Mar 2018
Adriana,Zwierzanska,,Open for Opportunities,"AI Enthusiast, Business Development and Sales",07 Mar 2018
"Alexander ""Alex""",Giffoni,,Hub Talent,"Associate - High Tech - Telecom, Startups, Games, Mídia & Internet",02 Mar 2018
Leticia,Holden,,Holden Recruiting Talents,Consultora,02 Mar 2018
Storm,Robinson,,American Haval Motor Technology LLC,Senior Product Planner,02 Mar 2018
Nicolas Alejandro,Santa,,CompanyCam,Sr. Software Engineer,02 Mar 2018
Vanessa,Braga,,Search Consultoria em Recursos Humanos,Socia,09 Feb 2018
Paul,Schifferer,,CarLabs,Senior Site Reliability Engineer,09 Feb 2018
Mateus,Souza Borges,,Orbia.ag,Marketplace Director at Orbia.ag (Bayer Crop Science Joint Venture),03 Feb 2018
Marco,Carvalho,,"Agile Content, S.A.",Analista de qualidade,03 Feb 2018
Juliana,Souza Cabral,,Holden Recruiting Talents,Recrutador técnico,16 Jan 2018
,,,,,09 Jan 2018
Raffaello,Damgaard ,,BairesDev,Software Engineer,08 Jan 2018
James,Bott,,Emerald Technology,Divisional Manager,08 Jan 2018
Fernando,Franciscão,,Accenture,Senior Manager,08 Jan 2018
Romário,da Silva,,Holden Recruiting Talents,Recruiter ,08 Jan 2018
André,Gomes,,Avanade,Director,08 Jan 2018
Henrique,Rodrigues,,Creditas,Engineering Team Leader,21 Dec 2017
Osny,Netto,,Toptal,Frontend / UI Engineer,11 Dec 2017
Silvio Cesar,Martins,,Iventis Tecnologia,Diretor Executivo,11 Dec 2017
Matheus,Misumi,,Concrete Solutions,Engenheiro de Software,11 Dec 2017
Rosie,Nash,,Resource Solutions,Direct Recruiter - Technology,11 Dec 2017
Cynthia,Jardim,,ProgramaThor,Talent Acquisition Executive,11 Dec 2017
Fabio,Batista,,Faz Bem Artesanal,Cozinheiro chefe,17 Nov 2017
Tarcizio,Alexandre .·.,,Iventis Tecnologia e Sistemas,National Account Manager,27 Oct 2017
Carlos Alberto,Ferrarini Nunes Soares,,Accenture,Technology Delivery Lead Associate Director,24 Oct 2017
Kevin,Park,,Moveworks,Insights Analyst,24 Oct 2017
Ana Maria,C. Ferreira,,Miami Capital Investments,IT Recruiter Sr.,18 Oct 2017
Roseli,Rodrigues,,Em busca de novos desafios - Tenho um Perfil 2 para novas conexões,Head de Recursos Humanos ,06 Oct 2017
Victor,Fazzio,,Hub Talent,"Partner - High Tech - Telecom, Startups, Mídia, Meios de Pagamento & Internet",06 Oct 2017
Antônio,Muniz,,Nubank,Software Enginee,06 Oct 2017
Valéria,Domingos,,Randstad Brasil,Consultora Sênior ,06 Oct 2017
Pedro,Scattaregi,,Vizir Software Studio,Analista de Qualidade,06 Oct 2017
Marcel,Canhisares,,Liv Up,Software Engineer,06 Oct 2017
Sergio,Xavier,,CATSKILLET | Development Studio,Scrum Master,06 Oct 2017
Rafael,Zamana Kineippe,,Sentia Netherlands,AWS Consultant,15 Sep 2017
Gustavo,Almansa Rodrigues,,"Agile Content, S.A.",Programador Pleno,09 Sep 2017
João Pedro,Lopes,,Banco Itaú,Mobile Engineer,04 Aug 2017
Aline Rachel,Costa,,Ame Digital,SR HR Analyst,28 Jul 2017
Gil Karlos,Ferri,,Universidade Federal de Santa Catarina,PhD Student,14 Jul 2017
Alexsandro,Mira,,"Agile Content, S.A.",Coordenador de tecnologia,20 Jun 2017
Magno,de Paula,,Unimed Fortaleza,System Manager,27 May 2017
Danilo,Ruziska,,HHSurge Solutions Lda,Software Developer,27 May 2017
Anderson,Cottet,,Editora Globo,COORD PROD ESTRATEGIA DIGITAL,27 May 2017
Guilherme,Vasconcellos,,luizalabs,Desenvolvedor PL,03 Apr 2017
Felipe,Rodrigues,,Creditas,Software Engineer,03 Apr 2017
Marcio,Miyashiro,,Sinqia,Gerente de pré-vendas,03 Apr 2017
Corey,Wade,,Bettywadeoriginals.com,Consulting,03 Mar 2017
Jefferson,Lima Neves,,KPMG Brazil,Trainee - Oracle Consultant,03 Mar 2017
Charles,Lopes,,Mega Power Performance,CEO,03 Mar 2017
Christian ,Nascimento,,Cognitivo.ai,IT Manager,03 Mar 2017
Nicholas,Matos,,UUX Ultimate User eXperience,Developer,03 Mar 2017
Vincessa ,Taina,,Quality S.A.,Consultor comercial,03 Mar 2017
Ramon,Durães,,2PC,Chief Executive Officer,03 Mar 2017
Thiago,Ribeiro de Araújo,,BTG Pactual,Associate Director,03 Mar 2017
Fernanda,Larocca Moretti,,"Agile Content, S.A.",Human Resources Analyst,03 Mar 2017
Jaqueline,Pino Lima,,Claro Brasil,Project Manager /  RTE (Release Train Engineer),23 Dec 2016
Diego,Cardozo Sandrim,,Resultados Digitais,Developer,14 Dec 2016
Beatriz,Ramos Rodrigues,,"Agile Content, S.A.",Desenvolvedor júnior,14 Dec 2016
Sulivan,Henrique,,FLSmidth,Logistics Analyst,14 Dec 2016
Julio Cesar,Vasconcelos,,Confitec,Full Stack Developer sênior,14 Dec 2016
Pedro,Terni,,"Agile Content, S.A.",Developer,14 Dec 2016
Eduardo,Cobuci,,"Agile Content, S.A.",Senior Lead Software Engineer,14 Dec 2016
Kelly,Karoline,,Centro Trasmontano de São Paulo,Analista Técnico Júnior ,14 Dec 2016
Gibran,Gonçalves Lyra,,Fast Shop S/A,Mobile Lead,18 Oct 2016
Mauricio,Forte Neto,,XP Inc.,Front-End Developer,13 Sep 2016
Kelvin,Oliveira,,"Agile Content, S.A.",Software Developer,31 Aug 2016
Melissa,Oliveira Costa da Silva,,Nexa Digital,Product Designer,30 Aug 2016
Tamiris,Simoneli,,Travelport Digital,Frontend Engineer,26 Aug 2016
Leonardo,Vitale,,CarNext.com,Frontend Engineer,25 Aug 2016
Fernando,Monteiro,,MAGNA SISTEMAS,Cientista de dados - Trainee,25 Aug 2016
Ahmed,Fahmy,,Sotechs,CEO,28 Jul 2016
Guilherme,Santos,,Banco Votorantim,Senior FP&A Analyst,14 Jul 2016
Sergio,"Pinheiro, Dot-Insight, Optimization Expert",,Dot-Insight - Microsoft Gold Partner,CEO & Chief Mad Scientist,22 Jun 2016
Rogerio,Pio Nunes,,Grupo JCA,UX / UI Designer,22 Jun 2016
,,,,,24 May 2016
Fabrício,GIMENES RODRIGUES,,agap2,Back-end Developer .Net,22 May 2016
Jaclyn,Arellano,,Agoda,Senior Tech Recruiter,06 May 2016
Rodrigo,Armanhi,,"Agile Content, S.A.",Technical Product Lead,03 May 2016
Josefi,Alexandre,,AFPESP,Analista de Sistema,02 May 2016
Felipe,Seixas,,Revenu Québec,Software Engineer,02 May 2016
Philipe,Fechio,,Psicólogo Philipe Fechio,Psicólogo,02 May 2016
Marcelo,Ferreira,,UUX Ultimate User eXperience,Software developer,25 Feb 2016
Christian,Maiani,,Iban,Product Manager,14 Feb 2016
Camilo,dos Santos Caetano,,Wittel,Desenvolvedor de .NET sênior,05 Feb 2016
Juliana,Gonçalves de Souza,,Itaú Unibanco,Analista de Sistemas,30 Jan 2016
James,Huguenin,,JTY Consulting Services,Business Manager,27 Jan 2016
Valéria,Rocha,,EDP Brasil,Compradora Sênior ,27 Jan 2016
Bianca,Macedo,,Johnson & Johnson,Assistente Executiva,07 Jan 2016
Flavio,Ribeiro,,CS Treina - CS Technologies Ltda,SOA Architect | SOA Consultant | Solutions Architect,05 Jan 2016
Gabriela,Tavares,,ICTS Protiviti,Consultora - Atração de Talentos,25 Nov 2015
Ana Cristina,de Paula Machado,,Cury Construtora,Analista de Planejamento Financeiro e Controladoria,29 Oct 2015
Juliana,Juliano,,Airtasker,Technical Lead,16 Oct 2015
Thiago,Matera,,"Agile Content, S.A.",Technical Leader,13 Oct 2015
Harison,Carvalho,,PwC Brasil,Information Technology Project Manager,10 Oct 2015
Hugo,Luchessi,,Loft,Software Engineer,06 Oct 2015
Andreo,Romera Dell Osso,,Freelancer,Freelance Software Engineer,06 Oct 2015
Vicente,Lyrio,,Yuca,Frontend Developer,06 Oct 2015
Beni,Goldenberg,,AT&T,Product Manager,06 Oct 2015
Lívia,Santos,,VERX Consulting,Analista de Planejamento e Projetos,04 Oct 2015
Daniel,Carli,,Gympass,Director of Engineering,04 Oct 2015
Mauro,Henrique,,,,26 Aug 2015
Gisele dos,Anjos,,Lendico Brasil,Talent Acquisition Specialist,02 Jul 2015
Gabriel,Ferreira,,Concrete Solutions,Application Development Manager,15 Jun 2015
RAFAELA,SOARES MENDES,,Kimberly-Clark,Consultor de vendas,15 Jun 2015
Filipe,Badaró,,"Agile Content, S.A.",Development Manager,08 Jun 2015
Jonatas,Saraiva,,Grupo A,Solution Software Engineer,05 Jun 2015
Gustavo,Jacob,,Império Inteligência,Analista de sistema,17 May 2015
Leon,Fernandes,,Virtuaway Brasil,Software Developer Lead,14 Apr 2015
Bruno,D Attilio,,Btime Gestão de Equipes de Campo,Founder & CEO,14 Apr 2015
Antoniel,"Andrade, CSM, CSPO, PMP",,"Agile Content, S.A.",Project Manager,04 Apr 2015
Daniel,Savi Silva,,Infoware Group,.NET Software Developer,04 Apr 2015
Carlos Henrique,Alves dos Santos,,Estratégia Educacional,Head of Product,12 Mar 2015
Leandro,Sanches,,Penalty,Analista de Redes PL,12 Mar 2015
Reynaldo,Fagundes,,"Agile Content, S.A.",CTO & COO Americas,08 Mar 2015
Robson Antonio,Lima Mendonça,,Atento Brasil,ANALISTA PROGRAMADOR SR,28 Dec 2014
Leandro,Toledo,,"Agile Content, S.A.",Technical Lead,20 Nov 2014
Tiago Henrique,Bona,,Sumicity,Gerente de Tecnologia,03 Nov 2014
Ricardo,Henrico Guedes,,,Prestador de Serviços,03 Nov 2014
ERICA,ferreira,,,,18 Sep 2014
Rodrigo,Ramos Nogueira,,Ernst & Young Global Consulting Services,Consultor Sênior,18 Sep 2014
Carlos,Garibaldi,,Via Varejo SA,Digital Product Manager,18 Sep 2014
Ricardo,Kanazawa,,Universidade Cruzeiro do Sul,Professor,18 Sep 2014
,,,,,29 Jul 2014
Bruna,Brandasi V. Barbieri,,Korn Ferry,IT Recruiter,23 Jul 2014
GregMaster,.,,GregMaster,Analista Sistema Web,24 Jun 2014
Raphael,Farinazzo,,Involves,Head of Product,26 May 2014
Rodrigo,Lopes,,DF Consultec,Analista de infraestrutura,21 May 2014
Ivo,Mendes,,Companhia Siderúrgica Nacional,Gerente de Projetos - Governança,23 Apr 2014
Rafael,Heffer Cavaletti,,Resultados Digitais,Software Engineer,31 Mar 2014
Rodrigo,Vieira,,"Agile Content, S.A.",Development Team Manager / Team Leader / IT Manager,25 Mar 2014
George,Barzinski,,"Agile Content, S.A.",Technical Account Manager,13 Mar 2014
Washington,Sperto,,Studio Mav,Studio Mav,07 Mar 2014
Eduardo,de Freitas,,Vuelio,Lead Developer,18 Feb 2014
Angela Cristina,Silva Araújo,,NCS do Brasil,Assistente Comercial,18 Feb 2014
Ricardo,Cidale,,Syntonic Inc.,Chief Revenue Officer (CRO),23 Jan 2014
Victor,Martellacci Maciel,,Wirecard Brasil,Head Of Talent Management (Manager),23 Jan 2014
Everaldo,Rodolpho,,Nubank,Software Engineer,23 Jan 2014
Anderson,Oliveira Martins,,Altran,Programador Sênior,23 Jan 2014
Daiana,Oliveira,,Cacau Show,Analista comercial,16 Dec 2013
Luiz,Ribeiro,,Captalys,Product Manager,07 Nov 2013
Larissa,Oliveira,,Conx Construtora e Incorporadora,Arquiteta de projetos senior,12 Oct 2013
David Allan,Ribeiro,,Oracle,Engenheiro de software sênior,17 Sep 2013
Danilo,Aliberti,,Babylon Health,Senior iOS Engineer,17 Sep 2013
Eduardo,Monteiro,,Extrafarma SA,Analista de sistemas,07 Sep 2013
José,"Miguel , PMP",,Itaú Unibanco,Coordenador de Operações ,30 Aug 2013
Christian,Souza,,Matsuko Industria,Analista de TI,29 Jul 2013
Bruno,Toledo Barros,,IMPACT A/S,Software Engineer,26 Jun 2013
Thiago Tomio,Takano,,"Agile Content, S.A.",Development Manager,03 Jun 2013
Diego,Lima,,Itaú Unibanco,Senior Software Engineer | Tech Lead,03 Jun 2013
Harley,Cabral,,"Agile Content, S.A.",Technical Leader / Software Architect,10 May 2013
Raphael,Zei Cartaxo,,TOTVS Labs,Data Solutions Architect,10 Apr 2013
Natashy,Carvalho,ntycarvalho@yahoo.com.br,Instituto Social Hospital Alemão Oswaldo Cruz,Analista da Qualidade,03 Mar 2013
Fábio Luiz,Pereira,,Grupo ZAP,Engineering Manager,20 Feb 2013
William,Lima,,iColabora,Analista de Sistemas,20 Feb 2013
Evandro,Rodrigues,,Locaweb,Analista Ti,04 Feb 2013
Wellington,Oliveira,,BlueConecta BR,COO,16 Jan 2013
Flávia,Lima,,CENTAURO,Squad Lead,15 Jan 2013
Leandro,Barral,,Grupo Fleury,Analista Programador SR,15 Jan 2013
Marcelo,Uemura,,Loft,Engineering,09 Jan 2013
Paulo,Giron,,agap2IT Portugal,Engenheiro de software,09 Jan 2013
Thiago Ananias,Negreiros Silva,,SKY Brasil,Especialista Cloud,02 Jan 2013
Fernando,Parmezani,,Grupo FCamara,Analista Desenvolvedor  Backend,21 Dec 2012
Patrícia,"Garcia , PSM I",,B3,Process Analyst,21 Dec 2012
Heucles,Del Bianco Pelegia Junior,,Rico.com.vc,Senior Technical Team Lead,21 Dec 2012
Monique,Anholetto,,Banco Pine,Coordenador de projetos,21 Dec 2012
Pedro,Marques,,Autonimo,Analista de  Sistemas,21 Dec 2012
Tiago,Jóia,,Avanade,Consultor,21 Dec 2012
Diogo,Rodrigues,,"Agile Content, S.A.",Gestor de Pessoas e Projetos Digitais,21 Dec 2012
Adriano,Carvalho,,Tok&Stok,Full Stack Developer,14 Nov 2012
Wesley,Camargo,,Microsoft,Vendor - Cloud Solution Architect,13 Nov 2012
Carla,de Oliveira Silva,,J&C Transportes,Assistente Administrativo/ Sócio,05 Nov 2012
Rafael,Fuzari,,"Agile Content, S.A.",Director of Professional Services - Latam,05 Nov 2012
Adailton,Vieira,,Accenture,Analista de Sistemas,05 Nov 2012
Leonardo,Calzavara,,"Agile Content, S.A.",Backend Developer,31 Jul 2012
Gisele,Landim,,Patricia America Novelli e Silva,Ajudante da Areá Administrativa,31 Jul 2012
Alexander,Ujvari,,BlueConecta BR,Desenvolvimento e Infraestrutura,26 Jul 2012
Wilton,Pereira,,TOTVS,Analista / Programador de Sistemas Sr,26 Jul 2012
Lucilene,Gutierrez,,Siemens,Coordenadora de projetos sociais,19 Jul 2012
André,Ferreira dos Santos,,TOTVS,Desenvolvedor front-end,20 Jun 2012
Tatiana,Souza,,TOTVS,Analista de Qualidade de Software,21 May 2012
Eduardo,Pereira Flores,,Itaú Unibanco,Analista de Sistemas,03 May 2012
Dario Assumpção,Ferraz,,Gusto Seguros & Benefícios,Sócio,16 Apr 2012
Diego,Pirolla,,Mooven Consulting,Agile Coach,28 Mar 2012
Bruno,Silva Correia,,"Agile Content, S.A.",Project Leader,01 Mar 2012
Renata,Slud Chusyd,,FOLLOW Matching People and Companies,Headhunter,24 Jan 2012
João Paulo,Borges da Silva,,Cipher,Head Of Project Management Office,21 Dec 2011
Renato,Silva,,Avanade,System Analyst,21 Dec 2011
Ana Paula,Romano,,Carrefour,Analista MIS,22 Oct 2011
Paulo Bueno de,Mendonca,,IT4FINANCE CONS DE SISTEMAS LTDA,CEO,21 Sep 2011
Adelson,Silva,,TECNUN,Analista de sistemas sênior,10 Sep 2011
Eliane,Zago,,Global TI,Coordenadora de RH,22 Aug 2011
Richard,Leith,,Scientia.Ltd,Internal Account Manager,05 Aug 2011
Sonia,Felicio,,Scotiabank,IT Manager,19 Jun 2011
Marcio,Elias,,OUT Casual Wear,Sócio proprietário,20 May 2011
José Olimpio,da Silva Filho,,Banco Fibra,Gerente MIS Tesouraria,20 Apr 2011
Eduardo,L. Silva,,5A Attiva,Senior Dotnet Developer,15 Apr 2011
Diego,Silva,,Itaú Unibanco,Arquiteto de Tecnologia,14 Mar 2011
Eriton,Delgado Pereira,,BRQ Digital Solutions,Product Owner,04 Mar 2011
Elliah S.,Pernas,,Service IT.,Senior Marketing,02 Mar 2011
Vanessa,Roquim,vanessajeduardo@gmail.com,Infotree Global Solutions,IT Recruiter,25 Feb 2011
Marcelo,Lopes da Silva,,Easynvest,Desenvolvedor de software,23 Feb 2011
Natalia,Ventura,,Zurich Brasil Seguros,Consultora de Recursos Humanos,14 Jan 2011
Juliana,S. Reis,,Global System - Business Solutions,Business Manager,14 Jan 2011
Cassia,Sani,,,,05 Jan 2011
Barbara,Machado,,HEXAGON | Brasil,Consultor de solução,05 Jan 2011
Fernando,Scavasin,,Instituto Touché,Fundador do Instituto Touché,03 Jan 2011
Marcio,Gonçalves,,Resource IT Solutions,Analista de Negócios,24 Dec 2010
Helder,Rezei,,XP Inc.,Software Development Engineer,24 Dec 2010
Marco,Moler,,GPS Planejamento Financeiro,Analista Operacional,01 Dec 2010
Moisez,Dantas,,Arizona - Making Marketing Flow,Desenvolvedor Sênior,01 Dec 2010
Cézar,Velázquez,,Deal,Senior System Analyst,23 Nov 2010
Anderson,Almeida,,Sinqia,Analista Desenvolvedor,16 Nov 2010
Kaoan Matheus,Oliveira Pereira,,Agência Designcomke,Diretor / CEO,16 Nov 2010
Alex,Silva,,Liberty Seguros (Brasil),Consultor de sistemas,04 Nov 2010
Lucilene,Silva,,Grupo Lund,Recrutamento & Seleção,27 Oct 2010
Mariana,Gaspar,,Follow Recruitment,Sócia fundadora ,21 Oct 2010
Bruna,Oliveira S. Labonia,,Grupo Splice,Support Analyst IV,18 Oct 2010
Diogo,Silveira Dorta,,Prodesp,Especialista de Informática,24 Sep 2010
Taís,Araújo,,Assaí Atacadista - GPA,Analista de RH Sr (SESMT),16 Sep 2010
Leandro,Bernini,,GSW Soluções Integradas,Consultor de Integração/Customização One Source Global Trading (Softway),31 Aug 2010
Adriana,Moraes Pacheco,,Grupo NotreDame Intermédica,Analista de Recursos Humanos,25 Aug 2010
Bianor,Araújo,,BNP Paribas,Analista de Sistemas Pleno,11 Jul 2010
Douglas,Batista,,Prodesp,Analista de Desenvolvimento,23 Dec 2009
Viviane de,Souza,,Rede Cidadã,Analista de Projetos Sociais,15 Dec 2009
Thiago,Iori,,Volkswagen Financial Services (Brasil),System Analyst,11 Dec 2009
Valdir,Vieira,,Casa Rodrigues,Proprietário,10 Dec 2009
Ricardo,Akatsuka,,"Agile Content, S.A.",Líder técnico,07 Dec 2009
Odil,Rincon Junior,,Centro Trasmontano de São Paulo,Analista Programador .NET,04 Dec 2009
Raul,de Souza,,WorldIT,Siebel Analys,04 Dec 2009
Marcelo J,Macedo,,Bunnings Group Limited,Senior Xamarin Developer,04 Dec 2009