Source,FirstName,LastName,Companies,Title,Emails,PhoneNumbers,CreatedAt,Addresses,Sites,InstantMessageHandles,FullName,Birthday,Location,BookmarkedAt,Profiles
MOBILE_CONTACTS,Eduardo,L. Silva,null,,edu.info.business@gmail.com,11-8118-3840,"9/23/10, 8:43 PM",,,,,,,,
MOBILE_CONTACTS,,,Senior Solution,,rafael.sousa@seniorsolution.com.br,,"9/23/10, 8:43 PM",,,,,,,,
MOBILE_CONTACTS,Moisez,Dantas,null,,moises1695@gmail.com,(11)9459-3520,"9/23/10, 8:43 PM",,,,,,,,
MOBILE_CONTACTS,Bianor,Araújo,null,,bianor.araujo@gmail.com,,"9/23/10, 8:43 PM",,,,,,,,
MOBILE_CONTACTS,Eliane,Zago,null,,martins.eliane@gmail.com,,"6/29/15, 6:19 PM",,,,,,,,
MOBILE_CONTACTS,Carlos,Garibaldi,null,,garibaldi.junior@gmail.com,,"6/29/15, 6:19 PM",,,,,,,,
MOBILE_CONTACTS,Wilton,Pereira,null,,wilton.ssp@gmail.com,,"6/29/15, 6:19 PM",,,,,,,,
MOBILE_CONTACTS,Leandro,Toledo,null,,leandro_bt2@hotmail.com,,"6/29/15, 6:19 PM",,,,,,,,
MOBILE_CONTACTS,Natashy,Carvalho,null,,ntycarvalho@yahoo.com.br,,"6/29/15, 6:19 PM",,,,,,,,
MOBILE_CONTACTS,Christian,Souza,null,,christiansilvasouza@gmail.com,11975688412,"6/29/15, 6:19 PM",,,,,,,,
MOBILE_CONTACTS,Evandro,Rodrigues,null,,evandro_webnet10@hotmail.com,98768571,"6/29/15, 6:19 PM",,,,,,,,
MOBILE_CONTACTS,Paulo,giron,null,,paulogiron@uol.com.br,,"6/29/15, 6:19 PM",,,,,,,,
MOBILE_CONTACTS,Wesley,Camargo,null,,camargo.wes@gmail.com,,"6/29/15, 6:19 PM",,,,,,,,
MOBILE_CONTACTS,William,Lima,null,,william.lsilva@gmail.com,,"6/29/15, 6:19 PM",,,,,,,,
MOBILE_CONTACTS,Marco,Moler,null,,marco.moler@ig.com.br,,"6/29/15, 6:19 PM",,,,,,,,
MOBILE_CONTACTS,Renato,Silva,null,,renatof323@gmail.com,,"6/29/15, 6:19 PM",,,,,,,,
MOBILE_CONTACTS,Diogo,Silveira Dorta,null,,ddiogo@pop.com.br,8135-2652,"6/29/15, 6:19 PM",,,,,,,,
MOBILE_CONTACTS,Rodrigo,Vieira Ambar,null,,tataobr@hotmail.com,,"6/29/15, 6:19 PM",,,,,,,,
MOBILE_CONTACTS,Leandro,Barral,null,,leandro.barral@yahoo.com.br,11 97030-2251,"6/29/15, 6:19 PM",,,,,,,,
MOBILE_CONTACTS,Marcia,silva,null,,marcia.maria_24@hotmail.com,,"6/29/15, 6:19 PM",,,,,,,,
MOBILE_CONTACTS,Flávia,Lima,null,,flavia_amarallima@hotmail.com,9 9131-6031,"6/29/15, 6:19 PM",,,,,,,,
MOBILE_CONTACTS,Diego,Silva,null,,diego.pereira9@gmail.com,7012-2279,"6/29/15, 6:19 PM",,,,,,,,
MOBILE_CONTACTS,Eduardo,Pereira Flores,null,,eduardo.pereiraf@gmail.com,,"6/29/15, 6:19 PM",,,,,,,,
MOBILE_CONTACTS,Ricardo,Henrico Guedes,null,,ricardohenrico@hotmail.com,11 99971 - 9856,"6/29/15, 6:19 PM",,,,,,,,
MOBILE_CONTACTS,Anderson,Oliveira Martins,null,,spfcander@hotmail.com,985960516,"6/29/15, 6:19 PM",,,,,,,,
MOBILE_CONTACTS,Eriton,"Delgado Pereira, CPA-20, CNPI",null,,eritondelgado@gmail.com,,"6/29/15, 6:19 PM",,,,,,,,
MOBILE_CONTACTS,GregMaster,.,null,,greg_timao@hotmail.com,15 981057742,"6/29/15, 6:19 PM",,,,,,,,
MOBILE_CONTACTS,R,Heffer Cavaletti,null,,rheffercavaletti@gmail.com,,"6/29/15, 6:19 PM",,,,,,,,
MOBILE_CONTACTS,Thiago Ananias,Negreiros Silva,null,,thiagoananias@hotmail.com,,"6/29/15, 6:19 PM",,,,,,,,
MOBILE_CONTACTS,Bruno,Silva,null,,bscorreia.ti@gmail.com,55 (11)98041-7449,"6/29/15, 6:19 PM",,,,,,,,
MOBILE_CONTACTS,Bruno,Toledo Barros,null,,brutoledo93@hotmail.com,,"6/29/15, 6:19 PM",,,,,,,,
MOBILE_CONTACTS,Leonardo,Calzavara,null,,leocalzavara@gmail.com, +5511998089266,"6/29/15, 6:19 PM",,,,,,,,
MOBILE_CONTACTS,Leandro,Bernini,null,,leandro.berninisilva@gmail.com,,"6/29/15, 6:19 PM",,,,,,,,
MOBILE_CONTACTS,Douglas,Batista,null,,douglas.net@msn.com, +55 (11) 6935.7447,"6/29/15, 6:19 PM",,,,,,,,
MOBILE_CONTACTS,Ricardo,Akatsuka,null,,rya112@gmail.com, +5511993881823,"6/29/15, 6:19 PM",,,,,,,,
MOBILE_CONTACTS,Diego,Lima,null,,diegolima721@hotmail.com,,"6/29/15, 6:19 PM",,,,,,,,
MOBILE_CONTACTS,Carlos Henrique,Alves dos Santos,null,,chas.1983@gmail.com,11995295955,"6/29/15, 6:19 PM",,,,,,,,
MOBILE_CONTACTS,Eduardo,Freitas,null,,edufreitas@gmail.com,(11) 6719-1074,"6/29/15, 6:19 PM",,,,,,,,
MOBILE_CONTACTS,Rodrigo,Lopes,null,,rodrigoplopes@gmail.com,5511959367355,"6/29/15, 6:19 PM",,,,,,,,
MOBILE_CONTACTS,Daniel,Savi,null,,daniel.savi@gmail.com,,"6/29/15, 6:19 PM",,,,,,,,
MOBILE_CONTACTS,Helder,Rezei,null,,helder.rezei@hotmail.com,,"6/29/15, 6:19 PM",,,,,,,,
MOBILE_CONTACTS,Lucilene,Silva,null,,lucilene.silva@lund.com.br,33274663,"6/29/15, 6:19 PM",,,,,,,,
MOBILE_CONTACTS,Raul,Souza,null,,raul.souza@linux.com, +5511981771089,"6/29/15, 6:19 PM",,,,,,,,
MOBILE_CONTACTS,Lui'z,Carlos,null,,luiz.brassi@gmail.com,1145620950,"6/29/15, 6:19 PM",,,,,,,,
MOBILE_CONTACTS,Leon,Fernandes,null,,leonfgama@hotmail.com,011981244692,"6/29/15, 6:19 PM",,,,,,,,
MOBILE_CONTACTS,marcelo,lopes da silva,null,,marcelo.lopesdasilva@gmail.com,,"6/29/15, 6:19 PM",,,,,,,,
MOBILE_CONTACTS,Luiz Augusto,Vieira Ribeiro,null,,luizaugustovr@gmail.com,,"6/29/15, 6:19 PM",,,,,,,,
MOBILE_CONTACTS,Adriano,Carvalho,null,,querobass@yahoo.com.br,,"6/29/15, 6:19 PM",,,,,,,,
MOBILE_CONTACTS,Monique,Anholetto,null,,monique.anholetto@hotmail.com,998881071,"6/29/15, 6:19 PM",,,,,,,,
MOBILE_CONTACTS,Anderson,Almeida,null,,ander.silva0@gmail.com,,"6/29/15, 6:19 PM",,,,,,,,
MOBILE_CONTACTS,Fábio Luiz,Pereira,null,,fabio_lsp@msn.com,,"6/29/15, 6:19 PM",,,,,,,,
MOBILE_CONTACTS,Washington,Sperto,null,,maskdevil3000@hotmail.com,11 96757-2655,"6/29/15, 6:19 PM",,,,,,,,
MOBILE_CONTACTS,Everaldo,Rodolpho,null,,everaldorodrigo@gmail.com,,"6/29/15, 6:19 PM",,,,,,,,
MOBILE_CONTACTS,Ivo,Mendes,null,,ivomendess@live.com,11 97478 2810,"6/29/15, 6:19 PM",,,,,,,,
MOBILE_CONTACTS,Raphael,Farinazzo,null,,raphael.farinazzo@gmail.com, +55 11 99817 3475,"6/29/15, 6:19 PM",,,,,,,,
MOBILE_CONTACTS,Diogo,"Rodrigues, MBA, CSM",null,,diogo.h.rodrigues@gmail.com,,"6/29/15, 6:19 PM",,,,,,,,
MOBILE_CONTACTS,Raphael,Zei Cartaxo,null,,raphael.zei@gmail.com, +55 11 965096122,"6/29/15, 6:19 PM",,,,,,,,
MOBILE_CONTACTS,Sonia,Felicio,null,,sonia.mmfelicio@gmail.com,11-9339-3490,"6/29/15, 6:19 PM",,,,,,,,
MOBILE_CONTACTS,Robson Antonio,Lima Mendonça,null,,rob.am@ig.com.br,,"6/29/15, 6:19 PM",,,,,,,,
MOBILE_CONTACTS,Gabriel,Ferreira,null,,contato@gabrielferreira.com,,"6/29/15, 6:19 PM",,,,,,,,
MOBILE_CONTACTS,Fernando,Parmezani dos Reis,null,,fparmezani@hotmail.com,11-963767799,"6/29/15, 6:19 PM",,,,,,,,
MOBILE_CONTACTS,Dario,Ferraz,null,,dario@bmcseguros.com.br,11 98285-3333,"6/29/15, 6:19 PM",,,,,,,,
MOBILE_CONTACTS,Adriana,Moraes,null,,moraes.dri@gmail.com,11994920314,"6/29/15, 6:19 PM",,,,,,,,
MOBILE_CONTACTS,Marcelo,Uemura,null,,idlebot@robotreasons.com, +55 (11) 98587-5544,"6/29/15, 6:19 PM",,,,,,,,
MOBILE_CONTACTS,Marcio,Elias,null,,marciofelias@hotmail.com,21 98929-2014,"6/29/15, 6:19 PM",,,,,,,,
MOBILE_CONTACTS,Antoniel,"Andrade, PMP",null,,antonielandrade@gmail.com,11 98010-9100,"6/29/15, 6:19 PM",,,,,,,,
MOBILE_CONTACTS,Alexander,Ujvari,null,,alexander@wappod.com.br,55 11 98117-0549,"6/29/15, 6:19 PM",,,,,,,,
MOBILE_CONTACTS,Thiago Tomio,Takano,null,,threetis@gmail.com,,"6/29/15, 6:19 PM",,,,,,,,
MOBILE_CONTACTS,Ricardo,Kanazawa,null,,ricardokanazawa@gmail.com,,"6/29/15, 6:19 PM",,,,,,,,
MOBILE_CONTACTS,Marcio,Gonçalves,null,,marciotec@hotmail.com,011982218692,"6/29/15, 6:19 PM",,,,,,,,
MOBILE_CONTACTS,George,Barzinski,null,,gbarzinski@hotmail.com,,"6/29/15, 6:19 PM",,,,,,,,
MOBILE_CONTACTS,Pedro,Marques,null,,pedro.marquesoliveira@hotmail.com,11-3912-7025,"6/29/15, 6:19 PM",,,,,,,,
MOBILE_CONTACTS,Filipe,Badaró,null,,badaro@gmail.com, +55 11 9-9912-1373,"6/29/15, 6:19 PM",,,,,,,,
MOBILE_CONTACTS,Harley,Cabral,null,,harleycf@gmail.com,55 (11) 3807-6346,"6/29/15, 6:19 PM",,,,,,,,
MOBILE_CONTACTS,Heucles,Del Bianco Pelegia Junior,null,,heucles@yahoo.com.br,,"6/29/15, 6:19 PM",,,,,,,,
MOBILE_CONTACTS,Barbara,Machado,null,,babitz12@gmail.com,981041548,"6/29/15, 6:19 PM",,,,,,,,
MOBILE_CONTACTS,Mariana,Tavares,null,,mariana.mtvrs@gmail.com,,"6/29/15, 6:19 PM",,,,,,,,
MOBILE_CONTACTS,Richard,Leith,null,,richard.leith@transversal.com,,"6/29/15, 6:19 PM",,,,,,,,
MOBILE_CONTACTS,Cézar,Velázquez,null,,contato@cezarvelazquez.com.br,,"6/29/15, 6:19 PM",,,,,,,,
MOBILE_CONTACTS,André,Ferreira dos Santos,null,,andreminduka@gmail.com,39213228,"6/29/15, 6:19 PM",,,,,,,,
MOBILE_CONTACTS,Vânia Trindade,Leite,null,,vania@holdenrh.com.br,,"6/29/15, 6:19 PM",,,,,,,,
MOBILE_CONTACTS,Valdir,Vieira,null,,valdir_leandro@ig.com.br,9539-4260,"6/29/15, 6:19 PM",,,,,,,,
MOBILE_CONTACTS,Vanessa,Eduardo,null,,vanessa.rh.eduardo@hotmail.com,(11) 94339-8587,"6/29/15, 6:19 PM",,,,,,,,
MOBILE_CONTACTS,Natalia,Ventura,null,,natyventurasts@yahoo.com.br,985990108,"6/29/15, 6:19 PM",,,,,,,,
MOBILE_CONTACTS,Marcelo J,Macedo,null,,marcelojmacedo@hotmail.com,,"6/29/15, 6:19 PM",,,,,,,,
MOBILE_CONTACTS,Rafael,Fuzari,null,,fuzari@ig.com.br,,"6/29/15, 6:19 PM",,,,,,,,
MOBILE_CONTACTS,Mariana,Gaspar,null,,mariana.gaspar@followexecutive.com.br,(011) 986080279,"6/29/15, 6:19 PM",,,,,,,,
MOBILE_CONTACTS,Elliah S.,Pernas,null,,elliahpernas@uol.com.br,,"6/29/15, 6:19 PM",,,,,,,,
MOBILE_CONTACTS,Danilo,Aliberti,null,,dsaliberti@gmail.com,,"6/29/15, 6:19 PM",,,,,,,,
MOBILE_CONTACTS,Reynaldo,Fagundes,null,,reynaldo.fagundes@gmail.com,,"6/29/15, 6:19 PM",,,,,,,,
MOBILE_CONTACTS,Bruna,Brandasi Vieira,null,,brunabrandasi@hotmail.com,,"6/29/15, 6:19 PM",,,,,,,,
MOBILE_CONTACTS,João Paulo,Borges da Silva,null,,johnnyatl182@yahoo.com,,"6/29/15, 6:19 PM",,,,,,,,
MOBILE_CONTACTS,Taís,Araújo,null,,tais.araujo@assai.com.br,(11)96617711,"6/29/15, 6:19 PM",,,,,,,,
MOBILE_CONTACTS,,,null,,karine.sumaris@hotmail.com,,"6/29/15, 6:19 PM",,,,,,,,
MOBILE_CONTACTS,Tiago Henrique,Bona,null,,tiagobona@gmail.com, +555195013131,"6/29/15, 6:19 PM",,,,,,,,
MOBILE_CONTACTS,Eduardo,Monteiro,null,,edubmonteiro@gmail.com,993570073,"6/29/15, 6:19 PM",,,,,,,,
MOBILE_CONTACTS,Tatiana,Souza,null,,tathy.vip@gmail.com,,"6/29/15, 6:19 PM",,,,,,,,
MOBILE_CONTACTS,Alex,Silva,null,,silvalex1983@gmail.com,(15)981563250,"6/29/15, 6:19 PM",,,,,,,,
MOBILE_CONTACTS,Odil,Rincon Junior,null,,orinconjr@gmail.com,11961099713,"6/29/15, 6:19 PM",,,,,,,,
MOBILE_CONTACTS,Wellington,Nunes de Oliveira,null,,wnunes@gmail.com,11966665999,"6/29/15, 6:19 PM",,,,,,,,
MOBILE_CONTACTS,Viviane de,Souza,null,,vivianesouzasilva@gmail.com,11 94305487,"6/29/15, 6:19 PM",,,,,,,,
MOBILE_CONTACTS,Thais,Rosa,null,,selecao@workpeople.com.br,,"6/29/15, 6:19 PM",,,,,,,,
MOBILE_CONTACTS,José Miguel,Batista,null,,jmbj17@hotmail.com,,"6/29/15, 6:19 PM",,,,,,,,
MOBILE_CONTACTS,Jonatas,Saraiva,null,,jonatas.saraiva@gmail.com,,"6/29/15, 6:19 PM",,,,,,,,
MOBILE_CONTACTS,Juliana,S. Reis,null,,ju.sreis@hotmail.com,,"6/29/15, 6:19 PM",,,,,,,,
MOBILE_CONTACTS,Ricardo,Cidale,null,,ricardo@cidale.com,,"6/29/15, 6:19 PM",,,,,,,,
MOBILE_CONTACTS,José Olimpio,da Silva Filho,null,,jose.olimpio@bancofibra.com.br,,"6/29/15, 6:19 PM",,,,,,,,
MOBILE_CONTACTS,Paulo Bueno de,Mendonca,null,,paulo.mendonca@it4finance.com.br,11975592206,"6/29/15, 6:19 PM",,,,,,,,
MOBILE_CONTACTS,Tiago,Jóia,null,,tiago.joia@randstad.com.br,97362-2865,"6/29/15, 6:19 PM",,,,,,,,
MOBILE_CONTACTS,Victor,Martellacci Maciel,null,,vmartellacci@k2partnering.com,11 99939 8424,"6/29/15, 6:19 PM",,,,,,,,
MOBILE_CONTACTS,Bruno,Gonçalves Dias D Attilio,null,,brunogdd@hotmail.com,11998602646,"6/29/15, 6:19 PM",,,,,,,,
MOBILE_CONTACTS,Renata,Slud,null,,renataslud@gmail.com,8599-1000,"6/29/15, 6:19 PM",,,,,,,,
MOBILE_CONTACTS,JOAO,UEKITA,null,,uekitajj@gmail.com,,"6/29/15, 6:19 PM",,,,,,,,
MOBILE_CONTACTS,alphaville,,null,,alphaville@casadonotebook.com.br,,"6/29/15, 6:19 PM",,,,,,,,
MOBILE_CONTACTS,,,null,,daniela.martins@itau-unibanco.com.br,,"6/29/15, 6:19 PM",,,,,,,,
MOBILE_CONTACTS,,,null,,prctegeara@correios.com.br,,"6/29/15, 6:19 PM",,,,,,,,
MOBILE_CONTACTS,rafmsou@kindle.com,,null,,rafmsou@kindle.com,,"6/29/15, 6:19 PM",,,,,,,,
MOBILE_CONTACTS,Willy,Nakata,null,,willywsn@gmail.com,,"6/29/15, 6:19 PM",,,,,,,,
MOBILE_CONTACTS,Willy,Nakata,null,,willywsn@icloud.com,,"6/29/15, 6:19 PM",,,,,,,,
MOBILE_CONTACTS,Policard,,null,,,4007-1367,"6/29/15, 6:19 PM",,,,,,,,
MOBILE_CONTACTS,BB PFDU,,null,,,4004-0001,"6/29/15, 6:19 PM",,,,,,,,
MOBILE_CONTACTS,Carrefur,,null,,,4004-6200,"6/29/15, 6:19 PM",,,,,,,,
MOBILE_CONTACTS,Banco Itau,,null,,,4004-4828,"6/29/15, 6:19 PM",,,,,,,,
MOBILE_CONTACTS,,,null,,faxintercambio@santander.com.br,,"6/29/15, 6:19 PM",,,,,,,,
MOBILE_CONTACTS,,,null,,sac@santander.com.br,,"6/29/15, 6:19 PM",,,,,,,,
MOBILE_CONTACTS,,,null,,atendimento.cliente@santander.com.br,,"6/29/15, 6:19 PM",,,,,,,,
MOBILE_CONTACTS,,,null,,diogo.aires@imx.com.br,,"6/29/15, 6:19 PM",,,,,,,,
MOBILE_CONTACTS,,,null,,rodrigo.figueiredo@imx.com.br,,"6/29/15, 6:19 PM",,,,,,,,
MOBILE_CONTACTS,xball@ig.com.br,,null,,xball@ig.com.br,,"6/29/15, 6:19 PM",,,,,,,,
MOBILE_CONTACTS,Juliana,SCORE,null,,assessoria@creditoscore.com.br,,"6/29/15, 6:19 PM",,,,,,,,
MOBILE_CONTACTS,,,null,,deposito@floresonline.com.br,,"6/29/15, 6:19 PM",,,,,,,,
MOBILE_CONTACTS,Mari,Bocchi,null,,mari@planoevendas.com.br,,"6/29/15, 6:19 PM",,,,,,,,
MOBILE_CONTACTS,,,null,,contato.financeiro@ituran.com.br,,"6/29/15, 6:19 PM",,,,,,,,
MOBILE_CONTACTS,Bianor,ARAUJO,null,,bianor.araujo@br.bnpparibas.com,,"6/29/15, 6:19 PM",,,,,,,,
MOBILE_CONTACTS,,,null,,ramsou@kindle.com,,"6/29/15, 6:19 PM",,,,,,,,
MOBILE_CONTACTS,,,null,,dudek.diego@gmail.com,,"6/29/15, 6:19 PM",,,,,,,,
MOBILE_CONTACTS,Rafael,Evernote,null,,rafmsou.b8cda36@m.evernote.com,,"6/29/15, 6:19 PM",,,,,,,,
MOBILE_CONTACTS,Adriana,Maier,null,,adriana.maier@5a.com.br,,"6/29/15, 6:19 PM",,,,,,,,
MOBILE_CONTACTS,,,null,,loiola@planoevendas.com.br,,"6/29/15, 6:19 PM",,,,,,,,
MOBILE_CONTACTS,,,null,,rafmsou@me.com,,"6/29/15, 6:19 PM",,,,,,,,
MOBILE_CONTACTS,Natasha,,null,,consultora.natasha@gmail.com,,"6/29/15, 6:19 PM",,,,,,,,
MOBILE_CONTACTS,,,null,,vandonanda2014@gmail.com,,"6/29/15, 6:19 PM",,,,,,,,
MOBILE_CONTACTS,Tavares,Contabil,null,,tavaresconsultoriacontabil@gmail.com,,"6/29/15, 6:19 PM",,,,,,,,
MOBILE_CONTACTS,,,null,,todomundo@nubank.com.br,,"6/29/15, 6:19 PM",,,,,,,,
MOBILE_CONTACTS,Miriam,,null,,miriamgcirlinas@hotmail.com,,"6/29/15, 6:19 PM",,,,,,,,
MOBILE_CONTACTS,Algério,Szulc,null,,advengeassessoria@yahoo.com.br,,"6/29/15, 6:19 PM",,,,,,,,
MOBILE_CONTACTS,Vinícius,Lanzotti,null,,vinicius@planoevendas.com.br,,"6/29/15, 6:19 PM",,,,,,,,
MOBILE_CONTACTS,JOAQUIM,,null,,,41 5660-42,"6/29/15, 6:19 PM",,,,,,,,
MOBILE_CONTACTS,Marq sup,,null,,,97 4474-621,"6/29/15, 6:19 PM",,,,,,,,
MOBILE_CONTACTS,Acf,,null,,,11 93,"6/29/15, 6:19 PM",,,,,,,,
MOBILE_CONTACTS,Edistio,Vilela,null,,edistio.vilela@itau-unibanco.com.br,,"6/29/15, 6:19 PM",,,,,,,,
MOBILE_CONTACTS,Ze,,null,,,96 5807-370,"6/29/15, 6:19 PM",,,,,,,,
MOBILE_CONTACTS,Almir,,null,,,99 7199-624,"6/29/15, 6:19 PM",,,,,,,,
MOBILE_CONTACTS,Joab Vivo,,null,,,97 2042-682,"6/29/15, 6:19 PM",,,,,,,,
MOBILE_CONTACTS,Helena,,null,,,98 6809-136,"6/29/15, 6:19 PM",,,,,,,,
MOBILE_CONTACTS,,,null,,rafael.sousa@uux.com,,"6/29/15, 6:19 PM",,,,,,,,
MOBILE_CONTACTS,Vander,dos Reis,null,,Vander.reis@ituran.com.br,,"6/29/15, 6:19 PM",,,,,,,,
MOBILE_CONTACTS,V A Alimentacao,,null,,,041 4,"6/29/15, 6:19 PM",,,,,,,,
MOBILE_CONTACTS,Harison,Carvalho,null,,harisonp@hotmail.com,,"6/29/15, 6:19 PM",,,,,,,,
MOBILE_CONTACTS,Neptunia,Seguros - Comercial,null,,comercial@neptuniaseguros.com.br,,"6/29/15, 6:19 PM",,,,,,,,
MOBILE_CONTACTS,facecarautopecas,,null,,facecarautopecas@gmail.com,,"6/29/15, 6:19 PM",,,,,,,,
MOBILE_CONTACTS,Neptunia,Seguros - Suporte,null,,suporte@neptuniaseguros.com.br,,"6/29/15, 6:19 PM",,,,,,,,
MOBILE_CONTACTS,Zei,,null,,raphaelzei@gmail.com,,"6/29/15, 6:19 PM",,,,,,,,
MOBILE_CONTACTS,Helder,Rezei,null,,helder.rezei@labone.net,,"6/29/15, 6:19 PM",,,,,,,,
MOBILE_CONTACTS,Veia,,null,,,97 9643-677,"6/29/15, 6:19 PM",,,,,,,,
MOBILE_CONTACTS,Neide,,null,,,36 9156-74,"6/29/15, 6:19 PM",,,,,,,,
MOBILE_CONTACTS,Vinia,,null,,,81 0955-08,"6/29/15, 6:19 PM",,,,,,,,
MOBILE_CONTACTS,Vr Alitacao,,null,,,88 87,"6/29/15, 6:19 PM",,,,,,,,
MOBILE_CONTACTS,Policard,,null,,,97 31,"6/29/15, 6:19 PM",,,,,,,,
MOBILE_CONTACTS,Rafa,,null,,,98 8313-521,"6/29/15, 6:19 PM",,,,,,,,
MOBILE_CONTACTS,Estacao Jaguare,,null,,,36 8992-52,"6/29/15, 6:19 PM",,,,,,,,
MOBILE_CONTACTS,Walkiria,,null,,,98 4324-403,"6/29/15, 6:19 PM",,,,,,,,
MOBILE_CONTACTS,R H Works,,null,,,30317166,"6/29/15, 6:19 PM",,,,,,,,
MOBILE_CONTACTS,HELENA,,null,,,47 8972-30,"6/29/15, 6:19 PM",,,,,,,,
MOBILE_CONTACTS,Bicicletario Ja,,null,,,36 5228-57,"6/29/15, 6:19 PM",,,,,,,,
MOBILE_CONTACTS,Vivo,,null,,,84 86,"6/29/15, 6:19 PM",,,,,,,,
MOBILE_CONTACTS,Milene,okuma,null,,milene.okuma@hotmail.com,,"6/29/15, 6:19 PM",,,,,,,,
MOBILE_CONTACTS,AUGE PLUS,,null,,,56 6050-70,"6/29/15, 6:19 PM",,,,,,,,
MOBILE_CONTACTS,Sev Do Rafa,,null,,,38 4803-37,"6/29/15, 6:19 PM",,,,,,,,
MOBILE_CONTACTS,angelica,,null,,angel_scaglione@live.com,,"6/29/15, 6:19 PM",,,,,,,,
MOBILE_CONTACTS,,,null,,gastaoabyaraimoveis@hotmail.com,,"6/29/15, 6:19 PM",,,,,,,,
MOBILE_CONTACTS,VAS,CONTABIL,null,,vasconsultoriacontabil@gmail.com,,"6/29/15, 6:19 PM",,,,,,,,
MOBILE_CONTACTS,Rafael,Sousa,null,,rafmsou@gmail.com,,"6/29/15, 6:19 PM",,,,,,,,
MOBILE_CONTACTS,moacir,esperança,null,,martesperanca@gmail.com,,"6/29/15, 6:19 PM",,,,,,,,
MOBILE_CONTACTS,moacir,esperança,null,,contagat@hotmail.com,,"6/29/15, 6:19 PM",,,,,,,,
MOBILE_CONTACTS,Renato,Santos,null,,renato.santos@tempoassist.com.br,,"6/29/15, 6:19 PM",,,,,,,,
MOBILE_CONTACTS,,,null,,rssantos_sp@hotmail.com,,"6/29/15, 6:19 PM",,,,,,,,
MOBILE_CONTACTS,,,null,,Gastaoabyara@gmail.com,,"6/29/15, 6:19 PM",,,,,,,,
MOBILE_CONTACTS,,,null,,resantos48@hotmail.com,,"6/29/15, 6:19 PM",,,,,,,,
MOBILE_CONTACTS,Cezar,Senior,null,,yukitofederal@gmail.com,,"6/29/15, 6:19 PM",,,,,,,,
MOBILE_CONTACTS,Camilo,Caetano,null,,cedetec@gmail.com,,"6/29/15, 6:19 PM",,,,,,,,
MOBILE_CONTACTS,paula,del boni,null,,delbony@hotmail.com,,"6/29/15, 6:19 PM",,,,,,,,
MOBILE_CONTACTS,Carro,Shop,null,,carro.som@globo.com,,"6/29/15, 6:19 PM",,,,,,,,
MOBILE_CONTACTS,MKG,Shop,null,,el3tzdlftfpfm@mail.mercadolivre.com,,"6/29/15, 6:19 PM",,,,,,,,
MOBILE_CONTACTS,Mylena,Gregorio,null,,mylena.gregorio@seniorsolution.com.br,,"6/29/15, 6:19 PM",,,,,,,,
MOBILE_CONTACTS,edna,,null,,edna.junca@yahoo.com,,"6/29/15, 6:19 PM",,,,,,,,
MOBILE_CONTACTS,SF - LEI,14042,null,,lei14042@prefeitura.sp.gov.br,,"6/29/15, 6:19 PM",,,,,,,,
MOBILE_CONTACTS,João,Paulo,null,,jjoaoppaulo@gmail.com,,"6/29/15, 6:19 PM",,,,,,,,
MOBILE_CONTACTS,joelsantos149,,null,,joelsantos149@gmail.com,,"6/29/15, 6:19 PM",,,,,,,,
MOBILE_CONTACTS,iTunes,Store,null,,iTunesStoreSupport@apple.com,,"6/29/15, 6:19 PM",,,,,,,,
MOBILE_CONTACTS,,,null,,contato@bestshopbrasil.com.br,,"6/29/15, 6:19 PM",,,,,,,,
MOBILE_CONTACTS,,,null,,edmundo.a.comino@itau-unibanco.com.br,,"6/29/15, 6:19 PM",,,,,,,,
MOBILE_CONTACTS,,,null,,ana-lucia.santos@itau-unibanco.com.br,,"6/29/15, 6:19 PM",,,,,,,,
MOBILE_CONTACTS,,,null,,silvia.ficher@itau-unibanco.com.br,,"6/29/15, 6:19 PM",,,,,,,,
MOBILE_CONTACTS,Jorge,Arai,null,,jorge.arai@itau-unibanco.com.br,,"6/29/15, 6:19 PM",,,,,,,,
MOBILE_CONTACTS,,,null,,rafael.sousa@labone.net,,"6/29/15, 6:19 PM",,,,,,,,
MOBILE_CONTACTS,,,null,,win7themes@gmail.com,,"6/29/15, 6:19 PM",,,,,,,,
MOBILE_CONTACTS,,,null,,mirian.goncalves@seniorsolution.com.br,,"6/29/15, 6:19 PM",,,,,,,,
MOBILE_CONTACTS,,,null,,valmirmelo48@hotmail.com,,"6/29/15, 6:19 PM",,,,,,,,
MOBILE_CONTACTS,,,null,,dani.ana.gemeos@hotmail.com,,"6/29/15, 6:19 PM",,,,,,,,
MOBILE_CONTACTS,,,null,,leandro.gomes-silva@bol.com.br,,"6/29/15, 6:19 PM",,,,,,,,
MOBILE_CONTACTS,Rkf,de Veiculos,null,,kfveiculos@globo.com,,"6/29/15, 6:19 PM",,,,,,,,
MOBILE_CONTACTS,Neptunia,Administrativo1,null,,administrativo1@neptuniaseguros.com.br,,"6/29/15, 6:19 PM",,,,,,,,
MOBILE_CONTACTS,,,null,,mm.piras@bol.com.br,,"6/29/15, 6:19 PM",,,,,,,,
MOBILE_CONTACTS,Cristiane,Molina,null,,cristiane@collinaimoveis.com.br,,"6/29/15, 6:19 PM",,,,,,,,
MOBILE_CONTACTS,Eduardo,Flores,null,,eduardo.p.flores@avanade.com,,"6/29/15, 6:19 PM",,,,,,,,
MOBILE_CONTACTS,Romulo,Fogaca,null,,romulo.fogaca@labone.net,,"6/29/15, 6:19 PM",,,,,,,,
MOBILE_CONTACTS,Daniella,NunesGarcia,null,,daniella.nunesgarcia@avanade.com,,"6/29/15, 6:19 PM",,,,,,,,
MOBILE_CONTACTS,ElaineGyn,,null,,princesinhasilva@hotmail.com,,"6/29/15, 6:19 PM",,,,,,,,
MOBILE_CONTACTS,Bianor,Araujo,null,,bianor.araujo@seniorsolution.com.br,,"6/29/15, 6:19 PM",,,,,,,,
MOBILE_CONTACTS,Vitor,Facul,null,,vitor_gottardi@hotmail.com,,"6/29/15, 6:19 PM",,,,,,,,
MOBILE_CONTACTS,Tia,Yahoo,null,,melissa_isizaka@yahoo.com.br,,"6/29/15, 6:19 PM",,,,,,,,
MOBILE_CONTACTS,,,null,,fabiobertolazzi@yahoo.com.br,,"6/29/15, 6:19 PM",,,,,,,,
MOBILE_CONTACTS,,,null,,anderson.nogueira@itau-unibanco.com.br,,"6/29/15, 6:19 PM",,,,,,,,
MOBILE_CONTACTS,Bárbara,de Araújo,null,,babi_cotrim@hotmail.com,,"6/29/15, 6:19 PM",,,,,,,,
MOBILE_CONTACTS,,,null,,edistio@pop.com.br,,"6/29/15, 6:19 PM",,,,,,,,
MOBILE_CONTACTS,Philippe,Hardardt,null,,phil.henri@gmail.com,,"6/29/15, 6:19 PM",,,,,,,,
MOBILE_CONTACTS,Thayse,GmailSpring,null,,thaysesales@gmail.com,,"6/29/15, 6:19 PM",,,,,,,,
MOBILE_CONTACTS,,André,null,,andre61@gmail.com,,"6/29/15, 6:19 PM",,,,,,,,
MOBILE_CONTACTS,Adriana,Moraes,null,,adriana.moraes@seniorsolution.com.br,,"6/29/15, 6:19 PM",,,,,,,,
MOBILE_CONTACTS,Paulo,Oda,null,,PauloOda@pagepersonnel.com.br,,"6/29/15, 6:19 PM",,,,,,,,
MOBILE_CONTACTS,Tsui,Hotmail,null,,fabstrela@hotmail.com,,"6/29/15, 6:19 PM",,,,,,,,
MOBILE_CONTACTS,KenjiTrampo,,null,,rkenji@sabesp.com.br,,"6/29/15, 6:19 PM",,,,,,,,
MOBILE_CONTACTS,Tirsu,Função,null,,mflavioas@gmail.com,,"6/29/15, 6:19 PM",,,,,,,,
MOBILE_CONTACTS,Erick,Facul,null,,erikao_sp@yahoo.com.br,,"6/29/15, 6:19 PM",,,,,,,,
MOBILE_CONTACTS,Katinha,,null,,katiazinn@hotmail.com,,"6/29/15, 6:19 PM",,,,,,,,
MOBILE_CONTACTS,Tia,Gmail,null,,melissa.isizaka@gmail.com,,"6/29/15, 6:19 PM",,,,,,,,
MOBILE_CONTACTS,Luis,Facul,null,,link.zap@gmail.com,,"6/29/15, 6:19 PM",,,,,,,,
MOBILE_CONTACTS,Rodrigo,Solution,null,,rodrigo.cardoso@seniorsolution.com.br,,"6/29/15, 6:19 PM",,,,,,,,
MOBILE_CONTACTS,Joaci,Facul,null,,joacib@gmail.com,,"6/29/15, 6:19 PM",,,,,,,,
MOBILE_CONTACTS,Tsui,Gmail,null,,fabstrela.tsui@gmail.com,,"6/29/15, 6:19 PM",,,,,,,,
MOBILE_CONTACTS,Andreia,Facul,null,,andreiakawata@yahoo.com.br,,"6/29/15, 6:19 PM",,,,,,,,
MOBILE_CONTACTS,Naidson,Santos,null,,naidson@yahoo.com.br,,"6/29/15, 6:19 PM",,,,,,,,
MOBILE_CONTACTS,Karina,Hotmail,null,,karina_monzano@hotmail.com,,"6/29/15, 6:19 PM",,,,,,,,
MOBILE_CONTACTS,Grazi,1,null,,grazizaquia@hotmail.com,,"6/29/15, 6:19 PM",,,,,,,,
MOBILE_CONTACTS,Kleiton,Facul,null,,klhutida@gmail.com,,"6/29/15, 6:19 PM",,,,,,,,
MOBILE_CONTACTS,Marcelo,,null,,marcelo.bronze@grupoacert.com.br,,"6/29/15, 6:19 PM",,,,,,,,
MOBILE_CONTACTS,KenjiGmail,,null,,knj1211@gmail.com,,"6/29/15, 6:19 PM",,,,,,,,
MOBILE_CONTACTS,,FernandoCarvalho,null,,f_carvalho@hotmail.com,,"6/29/15, 6:19 PM",,,,,,,,
MOBILE_CONTACTS,George,Spring,null,,georgefdrichardson@gmail.com,,"6/29/15, 6:19 PM",,,,,,,,
MOBILE_CONTACTS,Tsui,Facul,null,,diva.tsui@gmail.com,,"6/29/15, 6:19 PM",,,,,,,,
MOBILE_CONTACTS,André,Cabral,null,,al.cabral.89@gmail.com,,"6/29/15, 6:19 PM",,,,,,,,
MOBILE_CONTACTS,VanessaGmail,,null,,nessahorvath89@gmail.com,,"6/29/15, 6:19 PM",,,,,,,,
MOBILE_CONTACTS,Morgana,dos Santos,null,,mmsantos@springwireless.com,,"6/29/15, 6:19 PM",,,,,,,,
MOBILE_CONTACTS,Kenji,Hotmail,null,,okuyama.kenji@hotmail.com,,"6/29/15, 6:19 PM",,,,,,,,
MOBILE_CONTACTS,Alyana,Facul,null,,alyanamacedo@gmail.com,,"6/29/15, 6:19 PM",,,,,,,,
MOBILE_CONTACTS,Andreia,Kawata,null,,andreia.kawata@synchro.com.br,,"6/29/15, 6:19 PM",,,,,,,,
MOBILE_CONTACTS,Lucimara,Passos,null,,lucimara.passos@seniorsolution.com.br,,"6/29/15, 6:19 PM",,,,,,,,
MOBILE_CONTACTS,VitorFacul,,null,,vitor.gottardi@gmail.com,,"6/29/15, 6:19 PM",,,,,,,,
MOBILE_CONTACTS,Julia,Botan,null,,jul.botan@hotmail.com,,"6/29/15, 6:19 PM",,,,,,,,
MOBILE_CONTACTS,Tia,Lidia,null,,lidiagbi@hotmail.com,,"6/29/15, 6:19 PM",,,,,,,,
MOBILE_CONTACTS,Edu,Spring,null,,Eduardo.farago@efarago.com.br,,"6/29/15, 6:19 PM",,,,,,,,
MOBILE_CONTACTS,RoseZaquia,,null,,rose_zaquia@hotmail.com,,"6/29/15, 6:19 PM",,,,,,,,
MOBILE_CONTACTS,Vanessa,Hotmail,null,,nessa_horvath_89@hotmail.com,,"6/29/15, 6:19 PM",,,,,,,,
MOBILE_CONTACTS,André,Spring,null,,andresteixeira@gmail.com,,"6/29/15, 6:19 PM",,,,,,,,
MOBILE_CONTACTS,Hector,Função,null,,cortez.hector@gmail.com,,"6/29/15, 6:19 PM",,,,,,,,
MOBILE_CONTACTS,Juliana,Facul,null,,ju.toros2@gmail.com,,"6/29/15, 6:19 PM",,,,,,,,
MOBILE_CONTACTS,Vanessa,Trampo,null,,vanessa.horvath@nube.tecban.com.br,,"6/29/15, 6:19 PM",,,,,,,,
MOBILE_CONTACTS,Thayse,Spring,null,,thayse12@hotmail.com,,"6/29/15, 6:19 PM",,,,,,,,
MOBILE_CONTACTS,Luiz,Função,null,,lfernando.diana@gmail.com,,"6/29/15, 6:19 PM",,,,,,,,
MOBILE_CONTACTS,Grazi,2,null,,grazi.zaquia@hotmail.com,,"6/29/15, 6:19 PM",,,,,,,,
MOBILE_CONTACTS,André,Cabral,null,,al.cabral@yahoo.com.br,,"6/29/15, 6:19 PM",,,,,,,,
MOBILE_CONTACTS,Rafael,Spring,null,,analistarafael@gmail.com,,"6/29/15, 6:19 PM",,,,,,,,
MOBILE_CONTACTS,Rogério,Função,null,,segaaaa@gmail.com,,"6/29/15, 6:19 PM",,,,,,,,
MOBILE_CONTACTS,Bruno,Função,null,,zavecz@gmail.com,,"6/29/15, 6:19 PM",,,,,,,,
MOBILE_CONTACTS,Tamires,Função,null,,tata_tamiresmc@hotmail.com,,"6/29/15, 6:19 PM",,,,,,,,
MOBILE_CONTACTS,Tia,Lidia,null,,lidiazinn@yahoo.com.br,,"6/29/15, 6:19 PM",,,,,,,,
MOBILE_CONTACTS,Bruno,Spring,null,,dev.bruno89@gmail.com,,"6/29/15, 6:19 PM",,,,,,,,
MOBILE_CONTACTS,Ingrid,,null,,ingrid_iero@hotmail.com,,"6/29/15, 6:19 PM",,,,,,,,
MOBILE_CONTACTS,Harley,Função,null,,hcoimbrasantos@gmail.com,,"6/29/15, 6:19 PM",,,,,,,,
MOBILE_CONTACTS,Andreia,Hotmail,null,,deiafriend@hotmail.com,,"6/29/15, 6:19 PM",,,,,,,,
MOBILE_CONTACTS,Andreia,Gmail,null,,andreiakawata@gmail.com,,"6/29/15, 6:19 PM",,,,,,,,
MOBILE_CONTACTS,Tati,,null,,tatianamotoda@hotmail.com,,"6/29/15, 6:19 PM",,,,,,,,
MOBILE_CONTACTS,Tiago,Facul,null,,tiagopiffer@yahoo.com.br,,"6/29/15, 6:19 PM",,,,,,,,
MOBILE_CONTACTS,Lorena,Bia,null,,lorenavet85@hotmail.com,,"6/29/15, 6:19 PM",,,,,,,,
MOBILE_CONTACTS,Antônio,Spring,null,,arodrigoms@hotmail.com,,"6/29/15, 6:19 PM",,,,,,,,
MOBILE_CONTACTS,Marcos,,null,,marcospharaujo@hotmail.com,,"6/29/15, 6:19 PM",,,,,,,,
MOBILE_CONTACTS,Marcelo,Facul,null,,marcelofelipe@terra.com.br,,"6/29/15, 6:19 PM",,,,,,,,
MOBILE_CONTACTS,TiaLidia,,null,,biglidia@hotmail.com,,"6/29/15, 6:19 PM",,,,,,,,
MOBILE_CONTACTS,Elaine,Facul,null,,naniroll.03@gmail.com,,"6/29/15, 6:19 PM",,,,,,,,
MOBILE_CONTACTS,Bianor,Hotmail,null,,bianorgbi@hotmail.com,,"6/29/15, 6:19 PM",,,,,,,,
MOBILE_CONTACTS,Julia,Facul,null,,julia.machado@ibope.com,,"6/29/15, 6:19 PM",,,,,,,,
MOBILE_CONTACTS,Mãe,,null,,laura-cotrim@hotmail.com,,"6/29/15, 6:19 PM",,,,,,,,
MOBILE_CONTACTS,Gabi,Andrade,null,,gabi_andrade011@hotmail.com,,"6/29/15, 6:19 PM",,,,,,,,
MOBILE_CONTACTS,Rodney,Spring,null,,rodney_oliveira@ibest.com.br,,"6/29/15, 6:19 PM",,,,,,,,
MOBILE_CONTACTS,Fábio,Facul,null,,fabioalpl@hotmail.com,,"6/29/15, 6:19 PM",,,,,,,,
MOBILE_CONTACTS,Paloma,Facul,null,,palomafpm@hotmail.com,,"6/29/15, 6:19 PM",,,,,,,,
MOBILE_CONTACTS,Ana,Função,null,,anacarolvito@gmail.com,,"6/29/15, 6:19 PM",,,,,,,,
MOBILE_CONTACTS,Renato,3r,null,,renato3r@gmail.com,,"6/29/15, 6:19 PM",,,,,,,,
MOBILE_CONTACTS,Gustavo,Andrade,null,,gustavoandrde014@hotmail.com,,"6/29/15, 6:19 PM",,,,,,,,
MOBILE_CONTACTS,BianorYahoo,,null,,bianorsk8@yahoo.com.br,,"6/29/15, 6:19 PM",,,,,,,,
MOBILE_CONTACTS,Vinícius,Torto,null,,vinicardsan@yahoo.com.br,,"6/29/15, 6:19 PM",,,,,,,,
MOBILE_CONTACTS,Phill,Hotmail,null,,philippe_henri2@hotmail.com,,"6/29/15, 6:19 PM",,,,,,,,
MOBILE_CONTACTS,Bianca,,null,,biancacotrim@hotmail.com,,"6/29/15, 6:19 PM",,,,,,,,
MOBILE_CONTACTS,Edu,ParreirasSpring,null,,duduzcouto@gmail.com,,"6/29/15, 6:19 PM",,,,,,,,
MOBILE_CONTACTS,Kenji,Facul,null,,kenji1211@gmail.com,,"6/29/15, 6:19 PM",,,,,,,,
MOBILE_CONTACTS,Cesar,Pereira,null,,cesar287@gmail.com,,"6/29/15, 6:19 PM",,,,,,,,
MOBILE_CONTACTS,Renata,,null,,natinhaduarte87@hotmail.com,,"6/29/15, 6:19 PM",,,,,,,,
MOBILE_CONTACTS,Camila,Results,null,,camila.anjos@havik.com.br,,"6/29/15, 6:19 PM",,,,,,,,
MOBILE_CONTACTS,ERICA,ferreira,null,,ericaoc-12@hotmail.com,,"12/3/09, 5:15 PM",,,msn:ericaoc-12@hotmail.com,,,,,
MOBILE_CONTACTS,Gisele,Landim,null,,space.gi@hotmail.com,,"12/3/09, 5:15 PM",,,msn:space.gi@hotmail.com,,,,,
MOBILE_CONTACTS,RAFAELA,SOARES MENDES,null,,rafa0rafinha2@hotmail.com,,"12/3/09, 5:15 PM",,,msn:rafa0rafinha2@hotmail.com,,,,,
MOBILE_CONTACTS,Carla,de Oliveira Silva,null,,tata_ca15@hotmail.com,1581056651,"12/3/09, 5:15 PM",,,msn:tata_ca15@hotmail.com,,,,,
MOBILE_CONTACTS,Angela Cristina,Silva,null,,angela_koinonia@hotmail.com,,"12/3/09, 5:15 PM",,,msn:angela_koinonia@hotmail.com,,,,,
MOBILE_CONTACTS,Ana Paula,Romano,null,,anapaula_romano@hotmail.com,,"12/3/09, 5:15 PM",,,msn:anapaula_romano@hotmail.com,,,,,
MOBILE_CONTACTS,Cassia,Sani,null,,cassiasani@hotmail.com,,"12/3/09, 5:15 PM",,,msn:cassiasani@hotmail.com,,,,,
MOBILE_CONTACTS,Larissa,Oliveira,null,,larissaluol@hotmail.com,,"12/3/09, 5:15 PM",,,msn:larissaluol@hotmail.com,,,,,
MOBILE_CONTACTS,Gustavo,Jacob,null,,gutyramos@hotmail.com,,"12/3/09, 5:15 PM",,,msn:gutyramos@hotmail.com,,,,,
MOBILE_CONTACTS,Leandro,Sanches,null,,ltsanches@hotmail.com,,"12/3/09, 5:15 PM",,,msn:ltsanches@hotmail.com,,,,,
MOBILE_CONTACTS,Daiana,Souza,null,,daianapoli@hotmail.com,,"12/3/09, 5:15 PM",,,msn:daianapoli@hotmail.com,,,,,
MOBILE_CONTACTS,Rodrigo,Ramos Nogueira,Uninove,,rramosnogueira@ig.com.br,5511963554564,"12/3/09, 5:03 PM",,,,,,,,
MOBILE_CONTACTS,Thiago,Iori,null,,thiagoiori@gmail.com,,"12/3/09, 5:03 PM",,,,,,,,
MOBILE_CONTACTS,Adelson,Silva,null,,adelsons@gmail.com,67980117,"12/3/09, 5:03 PM",,,msn:adelsons@gmail.com,,,,,
MOBILE_CONTACTS,Diego,"Pirolla - MBA, PMP®, COBIT®",null,,diegopirolla@gmail.com,11-96543-1101,"12/3/09, 5:03 PM",,,,,,,,
MOBILE_CONTACTS,Lucilene,Gutierrez,null,,agnusluci@hotmail.com,,"12/3/09, 5:03 PM",,,msn:agnusluci@hotmail.com,,,,,
MOBILE_CONTACTS,Marcos,Frederico Junior,null,,pedra001@globo.com,11 7871 5555,"12/3/09, 5:03 PM",,,,,,,,
MOBILE_CONTACTS,rafinhanetstat@gmail,Sousa,null,,rafinhanetstat@gmail.com,,"12/3/09, 5:03 PM",,,,,,,,
MOBILE_CONTACTS,Patrícia,Garcia,null,,patricia_gcg@hotmail.com,971084731,"12/3/09, 5:03 PM",,,,,,,,
MOBILE_CONTACTS,Kaoan Matheus,Oliveira Pereira,null,,kaoanbasket@hotmail.com,,"12/3/09, 5:03 PM",,,msn:kaoanbasket@hotmail.com,,,,,
MOBILE_CONTACTS,Adailton,Vieira,null,,adailtonvc@gmail.com,,"12/3/09, 5:03 PM",,,,,,,,
MOBILE_CONTACTS,Bruna,Oliveira S. Labonia,null,,bruna_buma@hotmail.com,15 97916337,"12/3/09, 5:03 PM",,,,,,,,
MOBILE_CONTACTS,Neptunia,Dario,null,,dario@neptuniaseguros.com.br,,"12/3/09, 5:03 PM",,,,,,,,
MOBILE_CONTACTS,Fernando,Scavasin,null,,fernando@scavasin.com.br,,"12/3/09, 5:03 PM",,,,,,,,
MOBILE_CONTACTS,Eduardo,Funileiro,,,,7854-3200,"10/3/18, 4:18 PM",,,,,,,,
MOBILE_CONTACTS,Nilo,Auto Eletrica,,,,4141-8668,"10/3/18, 4:18 PM",,,,,,,,
MOBILE_CONTACTS,Paulo,Dylon,,,,"97432-3794, 974323794","10/3/18, 4:18 PM",,,,,,,,
MOBILE_CONTACTS,Fuzari,Lab,,,,"(11) 99700-1732, 11997001732","10/3/18, 4:18 PM",,,,,,,,
MOBILE_CONTACTS,Trans,Chile,,,," +56998626055, +56967101706","10/3/18, 4:18 PM",,,,,,,,
MOBILE_CONTACTS,Luiz,Fernando,,,,"99823-1709, 998231709","10/3/18, 4:18 PM",,,,,,,,
MOBILE_CONTACTS,David,Labone,,,,"97553-2607, 97963-3379, 975532607","10/3/18, 4:18 PM",,,,,,,,
MOBILE_CONTACTS,Contador,Inspire,,,,"96260-6811, 962606811","10/3/18, 4:18 PM",,,,,,,,
MOBILE_CONTACTS,Luiz,Impacta,,,,"96739-4269, 967394269","10/3/18, 4:18 PM",,,,,,,,
MOBILE_CONTACTS,Klaus,Chile,,,, +5542999775532,"10/3/18, 4:18 PM",,,,,,,,
MOBILE_CONTACTS,Fabricio,Gimenes,,,,"99888-7991, 985590521, 998887991","10/3/18, 4:18 PM",,,,,,,,
MOBILE_CONTACTS,Flávia,Alex,,,," +55 11 96189-2854, +5511961892854","10/3/18, 4:18 PM",,,,,,,,
MOBILE_CONTACTS,Jhonatas,Saraiva,,,,"99545-9553, 995459553","10/3/18, 4:18 PM",,,,,,,,
MOBILE_CONTACTS,Bluefit,,,,,(11) 97718-4289,"10/3/18, 4:18 PM",,,,,,,,
MOBILE_CONTACTS,Rene,Pedreiro,,,, +5511952442266,"10/3/18, 4:18 PM",,,,,,,,
MOBILE_CONTACTS,Everaldo,Lab,,,,"96066-2141, 960662141","10/3/18, 4:18 PM",,,,,,,,
MOBILE_CONTACTS,Ivo,Lab,,,,"(015 11) 97478-2810, 01511974782810","10/3/18, 4:18 PM",,,,,,,,
MOBILE_CONTACTS,Salgados,Inspire,,,," +55 11 98345-9860, +5511983459860","10/3/18, 4:18 PM",,,,,,,,
MOBILE_CONTACTS,Erick,,,,,969097351,"10/3/18, 4:18 PM",,,,,,,,
MOBILE_CONTACTS,Cezinha,Senior,,,,"9205-1013, +5513992051013","10/3/18, 4:18 PM",,,,,,,,
MOBILE_CONTACTS,Dani,UUX,,,,(11) 94262-8002,"10/3/18, 4:18 PM",,,,,,,,
MOBILE_CONTACTS,Diego,Dudek,,,,"95659-8566, 956598566","10/3/18, 4:18 PM",,,,,,,,
MOBILE_CONTACTS,Dionisio,Chile,,,, +5524999979787,"10/3/18, 4:18 PM",,,,,,,,
MOBILE_CONTACTS,Henrique,,,,," +55 11 99553-5773, +5511995535773","10/3/18, 4:18 PM",,,,,,,,
MOBILE_CONTACTS,Michel,114,,,,953030317,"10/3/18, 4:18 PM",,,,,,,,
MOBILE_CONTACTS,Antoniel,Andrade,,,, +5511980109100,"10/3/18, 4:18 PM",,,,,,,,
MOBILE_CONTACTS,RKF,Veic,,,,"(11) 94702-4366, 11947024366","10/3/18, 4:18 PM",,,,,,,,
MOBILE_CONTACTS,EKK ,Marmita,,,,4194-3060,"10/3/18, 4:18 PM",,,,,,,,
MOBILE_CONTACTS,SP,Vidros,,,, +5511998928187,"10/3/18, 4:18 PM",,,,,,,,
MOBILE_CONTACTS,RKF,Veiculos,,,,"7859-5108, 2601-5888","10/3/18, 4:18 PM",,,,,,,,
MOBILE_CONTACTS,Daniel,Laminado,,,," +5511986686928, +55 11 94742-9373, +5511947429373","10/3/18, 4:18 PM",,,,,,,,
MOBILE_CONTACTS,Josué,Móveis,,,,"997710185, +55 11 99771-0185","10/3/18, 4:18 PM",,,,,,,,
MOBILE_CONTACTS,Olho,Inspire,,,,980890179,"10/3/18, 4:18 PM",,,,,,,,
MOBILE_CONTACTS,Ivan,Armstrong,,,,"94136-6589, 984813447, 97970-8354, 979708354","10/3/18, 4:18 PM",,,,,,,,
MOBILE_CONTACTS,Tatao,Lab,,,,"(011) 99762-6389, 011997626389","10/3/18, 4:18 PM",,,,,,,,
MOBILE_CONTACTS,Dona,Ruth,,,,"(11) 97770-5661, 11977705661","10/3/18, 4:18 PM",,,,,,,,
MOBILE_CONTACTS,Leo,Lab,,,,"99808-9266, 998089266","10/3/18, 4:18 PM",,,,,,,,
MOBILE_CONTACTS,Alex,Rodrigues,,,,"973042299, 4144-4240, 973042299","10/3/18, 4:18 PM",,,,,,,,
MOBILE_CONTACTS,Bruno,Robocop,,,,98555-7524,"10/3/18, 4:18 PM",,,,,,,,
MOBILE_CONTACTS,L,Lab,,,,"98885-6996, +5511988856996","10/3/18, 4:18 PM",,,,,,,,
MOBILE_CONTACTS,Cartão,Caixa,,,,40049009,"10/3/18, 4:18 PM",,,,,,,,
MOBILE_CONTACTS,Paulo,Giron,,,, +5511984153874,"10/3/18, 4:18 PM",,,,,,,,
MOBILE_CONTACTS,Varais,Alpha,,,,"99919-8944, 999198944","10/3/18, 4:18 PM",,,,,,,,
MOBILE_CONTACTS,Adriana,Pao,,,," +55 13 98131-0226, +5513981310226","10/3/18, 4:18 PM",,,,,,,,
MOBILE_CONTACTS,Transmillenium,Chile,,,, +56952372077,"10/3/18, 4:18 PM",,,,,,,,
MOBILE_CONTACTS,Leon,Chile,,,, +56961066439,"10/3/18, 4:18 PM",,,,,,,,
MOBILE_CONTACTS,Agência,Barueri,,,,"3299-7100, 3299-7116, 3299-7118, 3299-7119, 32997100","10/3/18, 4:18 PM",,,,,,,,
MOBILE_CONTACTS,Sushi,Home,,,," +55 11 95373-6045, +5511953736045","10/3/18, 4:18 PM",,,,,,,,
MOBILE_CONTACTS,Evandro,Nanda,,,,"98877-1824, 988771824","10/3/18, 4:18 PM",,,,,,,,
MOBILE_CONTACTS,Advogado,Junior,,,deli@ddb.adv.br,"95826-4223, 99664-9852, 94581-6800, 958264223","10/3/18, 4:18 PM",,,,,,,,
MOBILE_CONTACTS,Helder,Rezei,,,,"95377-9983, 953779983","10/3/18, 4:18 PM",,,,,,,,
MOBILE_CONTACTS,Soluti,Digital,,,,11970932064,"10/3/18, 4:18 PM",,,,,,,,
MOBILE_CONTACTS,Cabelereiro Gioia,,,,,4144-7713,"10/3/18, 4:18 PM",,,,,,,,
MOBILE_CONTACTS,Felipe,Seixas,,,,996228544,"10/3/18, 4:18 PM",,,,,,,,
MOBILE_CONTACTS,Bianor,Baía,,,,979802330,"10/3/18, 4:18 PM",,,,,,,,
MOBILE_CONTACTS,Maiê,,,,,"97648-4428, 976484428","10/3/18, 4:18 PM",,,,,,,,
MOBILE_CONTACTS,Evandro,Rodrigues,,,,"9987-8571, 4553-0838","10/3/18, 4:18 PM",,,,,,,,
MOBILE_CONTACTS,Gerson,piso,,,, +5511973187937,"10/3/18, 4:18 PM",,,,,,,,
MOBILE_CONTACTS,Karine,,,,,"94976-7931, 949767931","10/3/18, 4:18 PM",,,,,,,,
MOBILE_CONTACTS,Josue,Detoni,,,Detonijosue@gmail.com,951978769,"10/3/18, 4:18 PM",,,,,,,,
MOBILE_CONTACTS,Impacta,Janela,,,,980598905,"10/3/18, 4:18 PM",,,,,,,,
MOBILE_CONTACTS,Sr,Marcos,,,," +55 11 98274-5548, +5511982745548","10/3/18, 4:18 PM",,,,,,,,
MOBILE_CONTACTS,Plano e Plano,,,,,40957500,"10/3/18, 4:18 PM",,,,,,,,
MOBILE_CONTACTS,Barbara,Machado,,,, +5511981041548,"10/3/18, 4:18 PM",,,,,,,,
MOBILE_CONTACTS,Marcelo,Uemura,,,, +5511985875544,"10/3/18, 4:18 PM",,,,,,,,
MOBILE_CONTACTS,Thiago karine ,,,,, +55 11 95050-5737,"10/3/18, 4:18 PM",,,,,,,,
MOBILE_CONTACTS,Velho,,,,,"94006-1079, 940061079","10/3/18, 4:18 PM",,,,,,,,
MOBILE_CONTACTS,Ricardo,Akat,,,,"99388-1823, 993881823","10/3/18, 4:18 PM",,"rya112, rya112",,,,,,
MOBILE_CONTACTS,Marciel Pintor,,,,," +5511962068059, +5511949754964","10/3/18, 4:18 PM",,,,,,,,
MOBILE_CONTACTS,Home,,,,,4144-3584,"10/3/18, 4:18 PM",,,,,,,,
MOBILE_CONTACTS,Alemao,Auto Eletrica,,,,4141-0482,"10/3/18, 4:18 PM",,,,,,,,
MOBILE_CONTACTS,Nicholas,UUX,,,,"(11) 95654-6928, 11956546928","10/3/18, 4:18 PM",,,,,,,,
MOBILE_CONTACTS,Thiago,DreamNet,,,, +5511985910160,"10/3/18, 4:18 PM",,,,,,,,
MOBILE_CONTACTS,Heucles,OTT,,,,"99297-0057, +5511992970057","10/3/18, 4:18 PM",,,,,,,,
MOBILE_CONTACTS,Dream NET,,,,,41634871,"10/3/18, 4:18 PM",,,,,,,,
MOBILE_CONTACTS,Pedro Henrique,Terni,,,, +5513997377303,"10/3/18, 4:18 PM",,,,,,,,
MOBILE_CONTACTS,Rafael,Sousa,,,, +5511988313521,"10/3/18, 4:18 PM",,,,,,,,
MOBILE_CONTACTS,Simone,Marmore,,,, +5511981713886,"10/3/18, 4:18 PM",,,,,,,,
MOBILE_CONTACTS,Harison,Academia,,,,"99174-4151, 991744151","10/3/18, 4:18 PM",,,,,,,,
MOBILE_CONTACTS,Zuzza,,,,,"99153-8516, 991538516","10/3/18, 4:18 PM",,,,,,,,
MOBILE_CONTACTS,Fabio,UUX,,,,"(11) 96120-9942, 11961209942","10/3/18, 4:18 PM",,,,,,,,
MOBILE_CONTACTS,Daniel,Mecanica,,,,"99786-6625, 97867-9235, 4141-0642","10/3/18, 4:18 PM",,,,,,,,
HOTMAIL,,,null,,kassy_sani@hotmail.com,,"12/3/09, 5:15 PM",,,msn:kassy_sani@hotmail.com,,,,,
HOTMAIL,,,null,,val_kenner@hotmail.com,,"12/3/09, 5:15 PM",,,msn:val_kenner@hotmail.com,,,,,
HOTMAIL,,,null,,brunspy_bcm@hotmail.com,,"12/3/09, 5:15 PM",,,msn:brunspy_bcm@hotmail.com,,,,,
HOTMAIL,,,null,,nghimi_salah@hotmail.com,,"12/3/09, 5:15 PM",,,msn:nghimi_salah@hotmail.com,,,,,
HOTMAIL,,,null,,bina_rock@hotmail.com,,"12/3/09, 5:15 PM",,,msn:bina_rock@hotmail.com,,,,,
HOTMAIL,,,null,,kiss_carolokinha@hotmail.com,,"12/3/09, 5:15 PM",,,msn:kiss_carolokinha@hotmail.com,,,,,
HOTMAIL,,,null,,gaby_drunns@hotmail.com,,"12/3/09, 5:15 PM",,,msn:gaby_drunns@hotmail.com,,,,,
HOTMAIL,,,null,,barcalone-012@hotmail.fr,,"12/3/09, 5:15 PM",,,msn:barcalone-012@hotmail.fr,,,,,
HOTMAIL,,,null,,gata.atrevida@hotmail.com,,"12/3/09, 5:15 PM",,,msn:gata.atrevida@hotmail.com,,,,,
HOTMAIL,,,null,,gisele-sabrina@hotmail.com,,"12/3/09, 5:15 PM",,,msn:gisele-sabrina@hotmail.com,,,,,
HOTMAIL,,,null,,rterrao@hotmail.com,,"12/3/09, 5:15 PM",,,msn:rterrao@hotmail.com,,,,,
HOTMAIL,,,null,,lari.loirinhaa@gmail.com,,"12/3/09, 5:15 PM",,,msn:lari.loirinhaa@gmail.com,,,,,
HOTMAIL,,,null,,rose_p.vaz@hotmail.com,,"12/3/09, 5:15 PM",,,msn:rose_p.vaz@hotmail.com,,,,,
HOTMAIL,,,null,,pati_gatinha@hotmail.com,,"12/3/09, 5:15 PM",,,msn:pati_gatinha@hotmail.com,,,,,
HOTMAIL,,,null,,fernandinha_cp10@hotmail.com,,"12/3/09, 5:15 PM",,,msn:fernandinha_cp10@hotmail.com,,,,,
HOTMAIL,,,null,,karokinha@hotmail.com,,"12/3/09, 5:15 PM",,,msn:karokinha@hotmail.com,,,,,
HOTMAIL,,,null,,larissaa_lp@hotmail.com,,"12/3/09, 5:15 PM",,,msn:larissaa_lp@hotmail.com,,,,,
HOTMAIL,,,null,,princesinha_16@hotmail.com,,"12/3/09, 5:15 PM",,,msn:princesinha_16@hotmail.com,,,,,
HOTMAIL,,,null,,pati_13@hotmail.com,,"12/3/09, 5:15 PM",,,msn:pati_13@hotmail.com,,,,,
HOTMAIL,,,null,,tatazinha017@hotmail.com,,"12/3/09, 5:15 PM",,,msn:tatazinha017@hotmail.com,,,,,
HOTMAIL,,,null,,minina_14@hotmail.com,,"12/3/09, 5:15 PM",,,msn:minina_14@hotmail.com,,,,,
HOTMAIL,,,null,,milene_14@hotmail.com,,"12/3/09, 5:15 PM",,,msn:milene_14@hotmail.com,,,,,
HOTMAIL,,,null,,tammy_carol_9@hotmail.com,,"12/3/09, 5:15 PM",,,msn:tammy_carol_9@hotmail.com,,,,,
HOTMAIL,,,null,,m_spera@hotmail.com,,"12/3/09, 5:15 PM",,,msn:m_spera@hotmail.com,,,,,
HOTMAIL,rivania,de araujo santos,null,,rivania-abare16@hotmail.com,,"12/3/09, 5:15 PM",,,msn:rivania-abare16@hotmail.com,,,,,
HOTMAIL,,,null,,paula_sou_linda@hotmail.com,,"12/3/09, 5:15 PM",,,msn:paula_sou_linda@hotmail.com,,,,,
HOTMAIL,,,null,,bru.cicarelli@hotmail.com,,"12/3/09, 5:15 PM",,,msn:bru.cicarelli@hotmail.com,,,,,
HOTMAIL,Thiago,Trevor,null,,thiago@trevor.com.br,,"12/3/09, 5:15 PM",,,,,,,,
HOTMAIL,rubia,,null,,rubimoranguinho@hotmail.com,,"12/3/09, 5:15 PM",,,msn:rubimoranguinho@hotmail.com,,,,,
HOTMAIL,,,null,,taylane79@hotmail.com,,"12/3/09, 5:15 PM",,,msn:taylane79@hotmail.com,,,,,
HOTMAIL,,,null,,saida-459@hotmail.com,,"12/3/09, 5:15 PM",,,msn:saida-459@hotmail.com,,,,,
HOTMAIL,,,null,,renata_linda@hotmail.com.br,,"12/3/09, 5:15 PM",,,msn:renata_linda@hotmail.com.br,,,,,
HOTMAIL,,,null,,dany_funy@hotmail.com,,"12/3/09, 5:15 PM",,,msn:dany_funy@hotmail.com,,,,,
HOTMAIL,,,null,,danabatera_mr07@hotmail.com,,"12/3/09, 5:15 PM",,,msn:danabatera_mr07@hotmail.com,,,,,
HOTMAIL,,,null,,thaisa_gomes_10@hotmail.com,,"12/3/09, 5:15 PM",,,,,,,,
HOTMAIL,,,null,,do_na25@hotmail.com,,"12/3/09, 5:15 PM",,,msn:do_na25@hotmail.com,,,,,
HOTMAIL,,,null,,naah_key@hotmail.com,,"12/3/09, 5:15 PM",,,msn:naah_key@hotmail.com,,,,,
HOTMAIL,,,null,,evi_loka_d2@hotmail.com,,"12/3/09, 5:15 PM",,,msn:evi_loka_d2@hotmail.com,,,,,
HOTMAIL,,,null,,pamela_gatinha@hotmail.com,,"12/3/09, 5:15 PM",,,msn:pamela_gatinha@hotmail.com,,,,,
HOTMAIL,,,null,,ka-_123@hotmail.fr,,"12/3/09, 5:15 PM",,,msn:ka-_123@hotmail.fr,,,,,
HOTMAIL,,,null,,thaisameliamantovani@hotmail.com,,"12/3/09, 5:15 PM",,,msn:thaisameliamantovani@hotmail.c,,,,,
HOTMAIL,,,null,,tati_godoy17@hotmail.com,,"12/3/09, 5:15 PM",,,msn:tati_godoy17@hotmail.com,,,,,
HOTMAIL,,,null,,lari_f_12@hotmail.com,,"12/3/09, 5:15 PM",,,msn:lari_f_12@hotmail.com,,,,,
HOTMAIL,,,null,,chicletinha_sexy@hotmail.com,,"12/3/09, 5:15 PM",,,msn:chicletinha_sexy@hotmail.com,,,,,
HOTMAIL,,,null,,informatica@neptuniaseguros.com.br,,"12/3/09, 5:15 PM",,,,,,,,
HOTMAIL,,,null,,iloveyou_habouba@exemple.com,,"12/3/09, 5:15 PM",,,msn:iloveyou_habouba@exemple.com,,,,,
HOTMAIL,,,null,,gabriela.fernandes02@hotmail.com,,"12/3/09, 5:15 PM",,,msn:gabriela.fernandes02@hotmail.c,,,,,
HOTMAIL,,,null,,milene_gatinha@hotmail.com,,"12/3/09, 5:15 PM",,,msn:milene_gatinha@hotmail.com,,,,,
HOTMAIL,,,null,,adiloooooo@hotmail.fr,,"12/3/09, 5:15 PM",,,msn:adiloooooo@hotmail.fr,,,,,
HOTMAIL,thamiris,andrade silva,null,,thami_avc@hotmail.com,,"12/3/09, 5:15 PM",,,msn:thami_avc@hotmail.com,,,,,
HOTMAIL,,,null,,eduator_2003@hotmail.com,,"12/3/09, 5:15 PM",,,msn:eduator_2003@hotmail.com,,,,,
HOTMAIL,,,null,,RAfaromeiro4@hotmail.com,,"12/3/09, 5:15 PM",,,msn:RAfaromeiro4@hotmail.com,,,,,
HOTMAIL,,,null,,dricamega@hotmail.com,,"12/3/09, 5:15 PM",,,msn:dricamega@hotmail.com,,,,,
HOTMAIL,mailing@apostilando.,,null,,mailing@apostilando.com,,"12/3/09, 5:15 PM",,,,,,,,
HOTMAIL,,,null,,re_gatinha@hotmail.com,,"12/3/09, 5:15 PM",,,msn:re_gatinha@hotmail.com,,,,,
HOTMAIL,,,null,,gizellepimenta@hotmail.com,,"12/3/09, 5:15 PM",,,msn:gizellepimenta@hotmail.com,,,,,
HOTMAIL,,,null,,ritinha_love@hotmail.com,,"12/3/09, 5:15 PM",,,msn:ritinha_love@hotmail.com,,,,,
HOTMAIL,,,null,,rom-_@hotmail.fr,,"12/3/09, 5:15 PM",,,msn:rom-_@hotmail.fr,,,,,
HOTMAIL,,,null,,anabaco2008@hotmail.com,,"12/3/09, 5:15 PM",,,msn:anabaco2008@hotmail.com,,,,,
HOTMAIL,,,null,,fernanda_ramones@hotmail.com,,"12/3/09, 5:15 PM",,,msn:fernanda_ramones@hotmail.com,,,,,
HOTMAIL,,,null,,samanthacrys@hotmail.com,,"12/3/09, 5:15 PM",,,msn:samanthacrys@hotmail.com,,,,,
HOTMAIL,,,null,,aziz-kaoutar@hotmail.com,,"12/3/09, 5:15 PM",,,msn:aziz-kaoutar@hotmail.com,,,,,
HOTMAIL,,,null,,tuany_paula@hotmail.com,,"12/3/09, 5:15 PM",,,msn:tuany_paula@hotmail.com,,,,,
HOTMAIL,,,null,,kellynha_ps@hotmail.com,,"12/3/09, 5:15 PM",,,msn:kellynha_ps@hotmail.com,,,,,
HOTMAIL,,,null,,monicasimon_@hotmail.com,,"12/3/09, 5:15 PM",,,msn:monicasimon_@hotmail.com,,,,,
HOTMAIL,,,null,,angel_lindinha@hotmail.com,,"12/3/09, 5:15 PM",,,msn:angel_lindinha@hotmail.com,,,,,
HOTMAIL,,,null,,quero_vc226@hotmail.com,,"12/3/09, 5:15 PM",,,msn:quero_vc226@hotmail.com,,,,,
HOTMAIL,,,null,,claudinha_leite@hotmail.com,,"12/3/09, 5:15 PM",,,msn:claudinha_leite@hotmail.com,,,,,
HOTMAIL,,,null,,jhow_05@hotmail.com,,"12/3/09, 5:15 PM",,,msn:jhow_05@hotmail.com,,,,,
HOTMAIL,,,null,,xxdeboramgxx@hotmail.com,,"12/3/09, 5:15 PM",,,msn:xxdeboramgxx@hotmail.com,,,,,
HOTMAIL,,,null,,de_no@hotmail.com,,"12/3/09, 5:15 PM",,,msn:de_no@hotmail.com,,,,,
HOTMAIL,Larissa,,null,,depoiseutconto@hotmail.com,,"12/3/09, 5:15 PM",,,msn:depoiseutconto@hotmail.com,,,,,
HOTMAIL,,,null,,bruninhajuly@hotmail.com,,"12/3/09, 5:15 PM",,,msn:bruninhajuly@hotmail.com,,,,,
HOTMAIL,,,null,,toto-hmk@hotmail.com,,"12/3/09, 5:15 PM",,,msn:toto-hmk@hotmail.com,,,,,
HOTMAIL,,,null,,natiruts_rs@hotmail.com,,"12/3/09, 5:15 PM",,,msn:natiruts_rs@hotmail.com,,,,,
HOTMAIL,,,null,,juliana_amte@hotmail.com,,"12/3/09, 5:15 PM",,,msn:juliana_amte@hotmail.com,,,,,
HOTMAIL,,,null,,priscila_15@hotmail.com,,"12/3/09, 5:15 PM",,,msn:priscila_15@hotmail.com,,,,,
HOTMAIL,,,null,,andreia_selva@hotmail.com,,"12/3/09, 5:15 PM",,,msn:andreia_selva@hotmail.com,,,,,
HOTMAIL,,,null,,dezinhah@hotmail.com,,"12/3/09, 5:15 PM",,,msn:dezinhah@hotmail.com,,,,,
HOTMAIL,,,null,,solail.4@hotmail.com,,"12/3/09, 5:15 PM",,,msn:solail.4@hotmail.com,,,,,
HOTMAIL,,,null,,ana_paula@hotmail.com,,"12/3/09, 5:15 PM",,,msn:ana_paula@hotmail.com,,,,,
HOTMAIL,,,null,,rebelde_17_2006@hotmail.com,,"12/3/09, 5:15 PM",,,msn:rebelde_17_2006@hotmail.com,,,,,
HOTMAIL,,,null,,magi_star92@hotmail.com,,"12/3/09, 5:15 PM",,,msn:magi_star92@hotmail.com,,,,,
HOTMAIL,,,null,,opsfelder@hotmail.com,,"12/3/09, 5:15 PM",,,msn:opsfelder@hotmail.com,,,,,
HOTMAIL,,,null,,lolita_oliveira@hotmail.com,,"12/3/09, 5:15 PM",,,msn:lolita_oliveira@hotmail.com,,,,,
HOTMAIL,,,null,,fe_gostosa@hotmail.com,,"12/3/09, 5:15 PM",,,msn:fe_gostosa@hotmail.com,,,,,
HOTMAIL,,,null,,brunna_bio@hotmail.com,,"12/3/09, 5:15 PM",,,msn:brunna_bio@hotmail.com,,,,,
HOTMAIL,,,null,,nica_104@hotmail.com,,"12/3/09, 5:15 PM",,,msn:nica_104@hotmail.com,,,,,
HOTMAIL,,,null,,dj_baltimore@hotmail.com,,"12/3/09, 5:15 PM",,,msn:dj_baltimore@hotmail.com,,,,,
HOTMAIL,,,null,,fabiano_fatality@hotmail.com,,"12/3/09, 5:15 PM",,,msn:fabiano_fatality@hotmail.com,,,,,
HOTMAIL,,,null,,mayarafunk_14@hotmail.com,,"12/3/09, 5:15 PM",,,msn:mayarafunk_14@hotmail.com,,,,,
HOTMAIL,,,null,,scorpion.lune@hotmail.com,,"12/3/09, 5:15 PM",,,msn:scorpion.lune@hotmail.com,,,,,
HOTMAIL,,,null,,maurohenrikjr@hotmail.com,,"12/3/09, 5:15 PM",,,msn:maurohenrikjr@hotmail.com,,,,,
HOTMAIL,,,null,,carina@hotmail.com,,"12/3/09, 5:15 PM",,,msn:carina@hotmail.com,,,,,
HOTMAIL,,,null,,ivi_reggae13@hotmail.com,,"12/3/09, 5:15 PM",,,msn:ivi_reggae13@hotmail.com,,,,,
HOTMAIL,,,null,,canjicao_sapao@hotmail.com,,"12/3/09, 5:15 PM",,,msn:canjicao_sapao@hotmail.com,,,,,
HOTMAIL,,,null,,israel_grilo1@hotmail.com,,"12/3/09, 5:15 PM",,,msn:israel_grilo1@hotmail.com,,,,,
HOTMAIL,,,null,,rony_stylebreak@hotmail.com,,"12/3/09, 5:15 PM",,,msn:rony_stylebreak@hotmail.com,,,,,
HOTMAIL,,,null,,je-carinhosa@hotmail.com,,"12/3/09, 5:15 PM",,,msn:je-carinhosa@hotmail.com,,,,,
HOTMAIL,,,null,,tharuiva.x3@hotmail.com,,"12/3/09, 5:15 PM",,,msn:tharuiva.x3@hotmail.com,,,,,
HOTMAIL,,,null,,laisdanadinha18@hotmail.com,,"12/3/09, 5:15 PM",,,msn:laisdanadinha18@hotmail.com,,,,,
HOTMAIL,,,null,,pamela_gostosa@hotmail.com,,"12/3/09, 5:15 PM",,,msn:pamela_gostosa@hotmail.com,,,,,
HOTMAIL,,,null,,pjgn22@msn.com,,"12/3/09, 5:15 PM",,,msn:pjgn22@msn.com,,,,,
HOTMAIL,,,null,,thais.ameliamantovani@hotmail.com,,"12/3/09, 5:15 PM",,,msn:thais.ameliamantovani@hotmail.,,,,,
HOTMAIL,,,null,,mra_loka@hotmail.com,,"12/3/09, 5:15 PM",,,msn:mra_loka@hotmail.com,,,,,
HOTMAIL,,,null,,lekynhamavros@hotmail.com,,"12/3/09, 5:15 PM",,,msn:lekynhamavros@hotmail.com,,,,,
HOTMAIL,,,null,,flavyamotta@hotmail.com,,"12/3/09, 5:15 PM",,,msn:flavyamotta@hotmail.com,,,,,
HOTMAIL,,,null,,LucasOrs@hotmail.com,,"12/3/09, 5:15 PM",,,msn:LucasOrs@hotmail.com,,,,,
HOTMAIL,,,null,,claudia_hot@hotmail.com,,"12/3/09, 5:15 PM",,,msn:claudia_hot@hotmail.com,,,,,
HOTMAIL,,,null,,soussi_31@hotmail.com,,"12/3/09, 5:15 PM",,,msn:soussi_31@hotmail.com,,,,,
HOTMAIL,,,null,,penelope_nova@hotmail.com,,"12/3/09, 5:15 PM",,,msn:penelope_nova@hotmail.com,,,,,
HOTMAIL,,,null,,katia_gatinhalinda@hotmail.com,,"12/3/09, 5:15 PM",,,msn:katia_gatinhalinda@hotmail.com,,,,,
HOTMAIL,,,null,,alanperceu@hotmail.com,,"12/3/09, 5:15 PM",,,msn:alanperceu@hotmail.com,,,,,
HOTMAIL,,,null,,thuany@hotmail.com,,"12/3/09, 5:15 PM",,,msn:thuany@hotmail.com,,,,,
HOTMAIL,,,null,,jessy_fiel@hotmail.com,,"12/3/09, 5:15 PM",,,msn:jessy_fiel@hotmail.com,,,,,
HOTMAIL,,,null,,mahh__sme@hotmail.com,,"12/3/09, 5:15 PM",,,msn:mahh__sme@hotmail.com,,,,,
HOTMAIL,,,null,,to_-123@hotmail.com,,"12/3/09, 5:15 PM",,,msn:to_-123@hotmail.com,,,,,
HOTMAIL,,,null,,carolzinhathegirl@hotmail.com,,"12/3/09, 5:15 PM",,,msn:carolzinhathegirl@hotmail.com,,,,,
HOTMAIL,,,null,,najara_estrela@hotmail.com,,"12/3/09, 5:15 PM",,,msn:najara_estrela@hotmail.com,,,,,
HOTMAIL,,,null,,marina_person@hotmail.com,,"12/3/09, 5:15 PM",,,msn:marina_person@hotmail.com,,,,,
HOTMAIL,,,null,,deby_miranda123@hotmail.com,,"12/3/09, 5:15 PM",,,msn:deby_miranda123@hotmail.com,,,,,
HOTMAIL,,,null,,gld_verdao@hotmail.com,,"12/3/09, 5:15 PM",,,msn:gld_verdao@hotmail.com,,,,,
HOTMAIL,,,null,,fernanda_gatinha@hotmail.com,,"12/3/09, 5:15 PM",,,msn:fernanda_gatinha@hotmail.com,,,,,
HOTMAIL,,,null,,willianssurfista@hotmail.com,,"12/3/09, 5:15 PM",,,msn:willianssurfista@hotmail.com,,,,,
HOTMAIL,,,null,,teco_587@hotmail.com,,"12/3/09, 5:15 PM",,,msn:teco_587@hotmail.com,,,,,
HOTMAIL,,,null,,arab_music_1er@hotmail.com,,"12/3/09, 5:15 PM",,,msn:arab_music_1er@hotmail.com,,,,,
HOTMAIL,,,null,,jnan_fes1@hotmail.com,,"12/3/09, 5:15 PM",,,msn:jnan_fes1@hotmail.com,,,,,
HOTMAIL,,,null,,juliodostreet@hotmail.com,,"12/3/09, 5:15 PM",,,msn:juliodostreet@hotmail.com,,,,,
HOTMAIL,,,null,,bond-kajol-lavie@hotmail.com,,"12/3/09, 5:15 PM",,,msn:bond-kajol-lavie@hotmail.com,,,,,
HOTMAIL,,,null,,tati_gatinha@hotmail.com,,"12/3/09, 5:15 PM",,,msn:tati_gatinha@hotmail.com,,,,,
HOTMAIL,,,null,,manukalinda@hotmail.com,,"12/3/09, 5:15 PM",,,msn:manukalinda@hotmail.com,,,,,
HOTMAIL,,,null,,marah-tinha@net.com.br,,"12/3/09, 5:15 PM",,,msn:marah-tinha@net.com.br,,,,,
HOTMAIL,,,null,,bina_14@hotmail.com,,"12/3/09, 5:15 PM",,,msn:bina_14@hotmail.com,,,,,
HOTMAIL,,,null,,giulinha_1609@hotmail.com,,"12/3/09, 5:15 PM",,,msn:giulinha_1609@hotmail.com,,,,,
HOTMAIL,,,null,,gisele_gatinha@hotmail.com,,"12/3/09, 5:15 PM",,,msn:gisele_gatinha@hotmail.com,,,,,
HOTMAIL,,,null,,pupu_013@hotmail.com,,"12/3/09, 5:15 PM",,,msn:pupu_013@hotmail.com,,,,,
HOTMAIL,,,null,,jhousk8park@hotmail.com,,"12/3/09, 5:15 PM",,,msn:jhousk8park@hotmail.com,,,,,
HOTMAIL,,,null,,flogao_anacy@hotmail.com,,"12/3/09, 5:15 PM",,,msn:flogao_anacy@hotmail.com,,,,,
HOTMAIL,,,null,,juhroxy@hotmail.com,,"12/3/09, 5:15 PM",,,msn:juhroxy@hotmail.com,,,,,
HOTMAIL,,,null,,bonito45@passport.com,,"12/3/09, 5:15 PM",,,msn:bonito45@passport.com,,,,,
HOTMAIL,,,null,,brunostreetdance@hotmail.com.br,,"12/3/09, 5:15 PM",,,msn:brunostreetdance@hotmail.com.b,,,,,
HOTMAIL,,,null,,musica_pam@hotmail.com,,"12/3/09, 5:15 PM",,,msn:musica_pam@hotmail.com,,,,,
HOTMAIL,,,null,,greycealvatti@hotmail.com,,"12/3/09, 5:15 PM",,,msn:greycealvatti@hotmail.com,,,,,
HOTMAIL,,,null,,pitanga_71@hotmail.com,,"12/3/09, 5:15 PM",,,msn:pitanga_71@hotmail.com,,,,,
HOTMAIL,,,null,,beatriz_15@hotmail.com,,"12/3/09, 5:15 PM",,,msn:beatriz_15@hotmail.com,,,,,
HOTMAIL,,,null,,bina_13@hotmail.com,,"12/3/09, 5:15 PM",,,msn:bina_13@hotmail.com,,,,,
HOTMAIL,,,null,,bruna_@msn.com,,"12/3/09, 5:15 PM",,,msn:bruna_@msn.com,,,,,
HOTMAIL,,,null,,mylaide_branca@hotmail.com,,"12/3/09, 5:15 PM",,,msn:mylaide_branca@hotmail.com,,,,,
HOTMAIL,,,null,,adil-almilodi@hotmail.com,,"12/3/09, 5:15 PM",,,msn:adil-almilodi@hotmail.com,,,,,
HOTMAIL,,,null,,catinegrali@hotmail.com,,"12/3/09, 5:15 PM",,,msn:catinegrali@hotmail.com,,,,,
HOTMAIL,,,null,,pri_smayly_725@hotmail.com,,"12/3/09, 5:15 PM",,,msn:pri_smayly_725@hotmail.com,,,,,
HOTMAIL,,,null,,adelsonrms@hotmail.com,,"12/3/09, 5:15 PM",,,msn:adelsonrms@hotmail.com,,,,,
HOTMAIL,,,null,,lalibacha_3er@hotmail.com,,"12/3/09, 5:15 PM",,,msn:lalibacha_3er@hotmail.com,,,,,
HOTMAIL,,,null,,kelly_gatinha@hotmail.com,,"12/3/09, 5:15 PM",,,msn:kelly_gatinha@hotmail.com,,,,,
HOTMAIL,,,null,,driss-villa7@hotmail.com,,"12/3/09, 5:15 PM",,,msn:driss-villa7@hotmail.com,,,,,
HOTMAIL,,,null,,gabizinhagdc@hotmail.com,,"12/3/09, 5:15 PM",,,msn:gabizinhagdc@hotmail.com,,,,,
HOTMAIL,,,null,,maxe_lion@hotmail.com,,"12/3/09, 5:15 PM",,,msn:maxe_lion@hotmail.com,,,,,
HOTMAIL,,,null,,flavia_gatinha@hotmail.com,,"12/3/09, 5:15 PM",,,msn:flavia_gatinha@hotmail.com,,,,,
HOTMAIL,,,null,,lamiae-23_roki@hotmail.com,,"12/3/09, 5:15 PM",,,msn:lamiae-23_roki@hotmail.com,,,,,
HOTMAIL,,,null,,b.cicarelli@hotmail.com,,"12/3/09, 5:15 PM",,,msn:b.cicarelli@hotmail.com,,,,,
HOTMAIL,,,null,,vanessa_13@hotmail.com,,"12/3/09, 5:15 PM",,,msn:vanessa_13@hotmail.com,,,,,
HOTMAIL,,,null,,ellenmayane@hotmail.com,,"12/3/09, 5:15 PM",,,msn:ellenmayane@hotmail.com,,,,,
HOTMAIL,,,null,,jurandirgtsj@hotmail.com,,"12/3/09, 5:15 PM",,,msn:jurandirgtsj@hotmail.com,,,,,
HOTMAIL,,,null,,denise_15@hotmail.com,,"12/3/09, 5:15 PM",,,msn:denise_15@hotmail.com,,,,,
HOTMAIL,,,null,,paula_nx20@hotmail.com,,"12/3/09, 5:15 PM",,,msn:paula_nx20@hotmail.com,,,,,
HOTMAIL,,,null,,arlindaarlinda@hotmail.com,,"12/3/09, 5:15 PM",,,msn:arlindaarlinda@hotmail.com,,,,,
HOTMAIL,,,null,,karllinha.mr@hotmail.com,,"12/3/09, 5:15 PM",,,msn:karllinha.mr@hotmail.com,,,,,
HOTMAIL,,,null,,thaisinha.sampa@hotmail.com,,"12/3/09, 5:15 PM",,,msn:thaisinha.sampa@hotmail.com,,,,,
HOTMAIL,,,null,,jessiquinha_borges_14@hotmail.com,,"12/3/09, 5:15 PM",,,msn:jessiquinha_borges_14@hotmail.,,,,,
HOTMAIL,,,null,,tamizinha4167@hotmail.com,,"12/3/09, 5:15 PM",,,msn:tamizinha4167@hotmail.com,,,,,
HOTMAIL,,,null,,fla_binotto@hotmail.com,,"12/3/09, 5:15 PM",,,msn:fla_binotto@hotmail.com,,,,,
HOTMAIL,,,null,,driss_2020@driss.com,,"12/3/09, 5:15 PM",,,msn:driss_2020@driss.com,,,,,
HOTMAIL,ana,rosa,xxxxxx,,aninha_rosa.sp@hotmail.com,,"12/3/09, 5:15 PM",,,msn:aninha_rosa.sp@hotmail.com,,,,,
HOTMAIL,,,null,,patythebest@hotmail.com,,"12/3/09, 5:15 PM",,,msn:patythebest@hotmail.com,,,,,
HOTMAIL,,,null,,ju_13@hotmail.com,,"12/3/09, 5:15 PM",,,msn:ju_13@hotmail.com,,,,,
HOTMAIL,,,null,,july.lele@hotmail.com,,"12/3/09, 5:15 PM",,,msn:july.lele@hotmail.com,,,,,
HOTMAIL,,,null,,chupadorade_buceta@hotmail.com,,"12/3/09, 5:15 PM",,,msn:chupadorade_buceta@hotmail.com,,,,,
HOTMAIL,,,null,,priscila_14@hotmail.com,,"12/3/09, 5:15 PM",,,msn:priscila_14@hotmail.com,,,,,
HOTMAIL,,,null,,menezes_vgp@hotmail.com,,"12/3/09, 5:15 PM",,,msn:menezes_vgp@hotmail.com,,,,,
HOTMAIL,,,null,,rafaela_gatinha@hotmail.com,,"12/3/09, 5:15 PM",,,msn:rafaela_gatinha@hotmail.com,,,,,
HOTMAIL,,,null,,exibida_16@hotmail.com,,"12/3/09, 5:15 PM",,,msn:exibida_16@hotmail.com,,,,,
HOTMAIL,,,null,,agata.moraes@hotmail.com,,"12/3/09, 5:15 PM",,,msn:agata.moraes@hotmail.com,,,,,
HOTMAIL,,,null,,hamza-radoine@hotmail.com,,"12/3/09, 5:15 PM",,,msn:hamza-radoine@hotmail.com,,,,,
HOTMAIL,,,null,,neptuniatec@hotmail.com,,"12/3/09, 5:15 PM",,,,,,,,
HOTMAIL,,,null,,said_1er@hotmail.com,,"12/3/09, 5:15 PM",,,msn:said_1er@hotmail.com,,,,,
HOTMAIL,,,null,,so-ma-love@live.fr,,"12/3/09, 5:15 PM",,,msn:so-ma-love@live.fr,,,,,
HOTMAIL,,,null,,me_nina_sapequinha@hotmail.com,,"12/3/09, 5:15 PM",,,msn:me_nina_sapequinha@hotmail.com,,,,,
HOTMAIL,,,null,,pattynha_crazy@hotmail.com,,"12/3/09, 5:15 PM",,,msn:pattynha_crazy@hotmail.com,,,,,
HOTMAIL,,,null,,olhos_claros2005@hotmail.com,,"12/3/09, 5:15 PM",,,msn:olhos_claros2005@hotmail.com,,,,,
HOTMAIL,,,null,,elisa_15@hotmail.com,,"12/3/09, 5:15 PM",,,msn:elisa_15@hotmail.com,,,,,
HOTMAIL,,,null,,meioporcento_angels@hotmail.com,,"12/3/09, 5:15 PM",,,msn:meioporcento_angels@hotmail.co,,,,,
HOTMAIL,,,null,,manuella_as@hotmail.com,,"12/3/09, 5:15 PM",,,msn:manuella_as@hotmail.com,,,,,
HOTMAIL,,,null,,bittencourt_nane@hotmail.com,,"12/3/09, 5:15 PM",,,msn:bittencourt_nane@hotmail.com,,,,,
HOTMAIL,,,null,,cris_cbf@hotmail.com,,"12/3/09, 5:15 PM",,,msn:cris_cbf@hotmail.com,,,,,
HOTMAIL,,,null,,kurama_girl@hotmail.com,,"12/3/09, 5:15 PM",,,msn:kurama_girl@hotmail.com,,,,,
HOTMAIL,,,null,,mina_sampa@hotmail.com,,"12/3/09, 5:15 PM",,,msn:mina_sampa@hotmail.com,,,,,
HOTMAIL,,,null,,kellykissferreira@hotmail.com,,"12/3/09, 5:15 PM",,,msn:kellykissferreira@hotmail.com,,,,,
HOTMAIL,,,null,,walker-sales@hotmail.com,,"12/3/09, 5:15 PM",,,msn:walker-sales@hotmail.com,,,,,
HOTMAIL,,,null,,wadi-boss@hotmail.fr,,"12/3/09, 5:15 PM",,,msn:wadi-boss@hotmail.fr,,,,,
HOTMAIL,,,null,,leandro.zoin@hotmail.com,,"12/3/09, 5:15 PM",,,msn:leandro.zoin@hotmail.com,,,,,
HOTMAIL,,,null,,danizinha_gostozinha_rj@hotmail.com,,"12/3/09, 5:15 PM",,,msn:danizinha_gostozinha_rj@hotmai,,,,,
HOTMAIL,,,null,,cintia_13@hotmail.com,,"12/3/09, 5:15 PM",,,msn:cintia_13@hotmail.com,,,,,
HOTMAIL,,,null,,moi_toujour_moi1er@hotmail.com,,"12/3/09, 5:15 PM",,,msn:moi_toujour_moi1er@hotmail.com,,,,,
HOTMAIL,,,null,,fofinho_74@hotmail.com,,"12/3/09, 5:15 PM",,,msn:fofinho_74@hotmail.com,,,,,
HOTMAIL,,,null,,mirian_daniele@hotmail.com,,"12/3/09, 5:15 PM",,,msn:mirian_daniele@hotmail.com,,,,,
HOTMAIL,,,null,,mila_13@hotmail.com,,"12/3/09, 5:15 PM",,,msn:mila_13@hotmail.com,,,,,
HOTMAIL,,,null,,ana_15@hotmail.com,,"12/3/09, 5:15 PM",,,msn:ana_15@hotmail.com,,,,,
HOTMAIL,,,null,,jessicaprincess@hotmail.com,,"12/3/09, 5:15 PM",,,msn:jessicaprincess@hotmail.com,,,,,
HOTMAIL,,,null,,abde_22@hotmail.fr,,"12/3/09, 5:15 PM",,,msn:abde_22@hotmail.fr,,,,,
HOTMAIL,,,null,,flavia_15@hotmail.com,,"12/3/09, 5:15 PM",,,msn:flavia_15@hotmail.com,,,,,
HOTMAIL,,,null,,dani_menina@hotmail.com,,"12/3/09, 5:15 PM",,,msn:dani_menina@hotmail.com,,,,,
HOTMAIL,,,null,,belinhamedeiros_2@hotmail.com,,"12/3/09, 5:15 PM",,,msn:belinhamedeiros_2@hotmail.com,,,,,
HOTMAIL,,,null,,gatinha_manhosa@hotmail.com,,"12/3/09, 5:15 PM",,,msn:gatinha_manhosa@hotmail.com,,,,,
HOTMAIL,,,null,,rose_13@hotmail.com,,"12/3/09, 5:15 PM",,,msn:rose_13@hotmail.com,,,,,
HOTMAIL,,,null,,gracinha_safadamsn@hotmail.com,,"12/3/09, 5:15 PM",,,msn:gracinha_safadamsn@hotmail.com,,,,,
HOTMAIL,,,null,,debora_gostosa@hotmail.com,,"12/3/09, 5:15 PM",,,msn:debora_gostosa@hotmail.com,,,,,
HOTMAIL,,,null,,thami_mc_k9@hotmail.com,,"12/3/09, 5:15 PM",,,msn:thami_mc_k9@hotmail.com,,,,,
HOTMAIL,,,null,,paula_msn@hotmail.com,,"12/3/09, 5:15 PM",,,msn:paula_msn@hotmail.com,,,,,
HOTMAIL,,,null,,bowa9a_jwane@hotmail.com,,"12/3/09, 5:15 PM",,,msn:bowa9a_jwane@hotmail.com,,,,,
HOTMAIL,,,null,,juliana_gatinha@hotmail.com,,"12/3/09, 5:15 PM",,,msn:juliana_gatinha@hotmail.com,,,,,
HOTMAIL,,,null,,irina_melo@hotmail.com,,"12/3/09, 5:15 PM",,,msn:irina_melo@hotmail.com,,,,,
HOTMAIL,,,null,,omar54-@hotmail.com,,"12/3/09, 5:15 PM",,,msn:omar54-@hotmail.com,,,,,
HOTMAIL,,,null,,werena_morena@hotmail.com,,"12/3/09, 5:15 PM",,,msn:werena_morena@hotmail.com,,,,,
HOTMAIL,,,null,,ololoba7ibo_omar1@hotmail.com,,"12/3/09, 5:15 PM",,,msn:ololoba7ibo_omar1@hotmail.com,,,,,
HOTMAIL,,,null,,jessica_nira@hotmail.com,,"12/3/09, 5:15 PM",,,msn:jessica_nira@hotmail.com,,,,,
HOTMAIL,,,null,,elisa_14@hotmail.com,,"12/3/09, 5:15 PM",,,msn:elisa_14@hotmail.com,,,,,
HOTMAIL,,,null,,magi-xx@hotmail.com,,"12/3/09, 5:15 PM",,,msn:magi-xx@hotmail.com,,,,,
HOTMAIL,,,null,,diego_nascimento3@hotmail.com,,"12/3/09, 5:15 PM",,,msn:diego_nascimento3@hotmail.com,,,,,
HOTMAIL,,,null,,tati_14@hotmail.com,,"12/3/09, 5:15 PM",,,msn:tati_14@hotmail.com,,,,,
HOTMAIL,,,null,,hot_van@hotmail.com,,"12/3/09, 5:15 PM",,,msn:hot_van@hotmail.com,,,,,
HOTMAIL,,,null,,lili_gatinha@hotmail.com,,"12/3/09, 5:15 PM",,,msn:lili_gatinha@hotmail.com,,,,,
HOTMAIL,,,null,,gabriela_gatinhamanhosa@hotmail.com,,"12/3/09, 5:15 PM",,,msn:gabriela_gatinhamanhosa@hotmai,,,,,
HOTMAIL,karina,Costa,null,,karina_costa11@hotmail.com,,"12/3/09, 5:15 PM",,,msn:karina_costa11@hotmail.com,,,,,
HOTMAIL,,,null,,fabiana_agatinha@hotmail.com,,"12/3/09, 5:15 PM",,,msn:fabiana_agatinha@hotmail.com,,,,,
HOTMAIL,,,null,,gleicy_dengosa@hotmail.com,,"12/3/09, 5:15 PM",,,msn:gleicy_dengosa@hotmail.com,,,,,
HOTMAIL,,,null,,said_nacih_10@hotmail.com,,"12/3/09, 5:15 PM",,,msn:said_nacih_10@hotmail.com,,,,,
HOTMAIL,,,null,,message_tt_lemonde@hotmail.com,,"12/3/09, 5:15 PM",,,msn:message_tt_lemonde@hotmail.com,,,,,
HOTMAIL,,,null,,andreya_swingdosol@hotmail.com,,"12/3/09, 5:15 PM",,,msn:andreya_swingdosol@hotmail.com,,,,,
HOTMAIL,,,null,,leca_12_9@hotmail.com,,"12/3/09, 5:15 PM",,,msn:leca_12_9@hotmail.com,,,,,
HOTMAIL,,,null,,dani_14@hotmail.com,,"12/3/09, 5:15 PM",,,msn:dani_14@hotmail.com,,,,,
HOTMAIL,,,null,,rafikasousa_18@hotmail.com,,"12/3/09, 5:15 PM",,,msn:rafikasousa_18@hotmail.com,,,,,
HOTMAIL,,,null,,mohamad-maazi@hotmail.fr,,"12/3/09, 5:15 PM",,,msn:mohamad-maazi@hotmail.fr,,,,,
HOTMAIL,,,null,,pattiolvr@hotmail.com,,"12/3/09, 5:15 PM",,,msn:pattiolvr@hotmail.com,,,,,
HOTMAIL,,,null,,adil_mas10@hotmail.com,,"12/3/09, 5:15 PM",,,msn:adil_mas10@hotmail.com,,,,,
HOTMAIL,,,null,,fabiolaborges12@hotmail.com,,"12/3/09, 5:15 PM",,,msn:fabiolaborges12@hotmail.com,,,,,
HOTMAIL,,,null,,jaqueline_freitas13@hotmail.com,,"12/3/09, 5:15 PM",,,msn:jaqueline_freitas13@hotmail.co,,,,,
HOTMAIL,,,null,,pamela_14@hotmail.com,,"12/3/09, 5:15 PM",,,msn:pamela_14@hotmail.com,,,,,
HOTMAIL,,,null,,carol@minitenis.com.br,,"12/3/09, 5:15 PM",,,,,,,,
HOTMAIL,,,null,,amandahtinhadourados@hotmail.com,,"12/3/09, 5:15 PM",,,msn:amandahtinhadourados@hotmail.c,,,,,
HOTMAIL,,,null,,carla_16@hotmail.com,,"12/3/09, 5:15 PM",,,msn:carla_16@hotmail.com,,,,,
HOTMAIL,,,null,,thecat_tdplove@hotmail.com,,"12/3/09, 5:15 PM",,,msn:thecat_tdplove@hotmail.com,,,,,
HOTMAIL,,,null,,cianinha.c@hotmail.com,,"12/3/09, 5:15 PM",,,msn:cianinha.c@hotmail.com,,,,,
HOTMAIL,,,null,,amri-amri-vive@hotmail.com,,"12/3/09, 5:15 PM",,,msn:amri-amri-vive@hotmail.com,,,,,
HOTMAIL,,,null,,nessa_13@hotmail.com,,"12/3/09, 5:15 PM",,,msn:nessa_13@hotmail.com,,,,,
HOTMAIL,,,null,,leandro-bocalinda@hotmail.com,,"12/3/09, 5:15 PM",,,msn:leandro-bocalinda@hotmail.com,,,,,
HOTMAIL,,,null,,nani_gata@hotmail.com,,"12/3/09, 5:15 PM",,,msn:nani_gata@hotmail.com,,,,,
HOTMAIL,,,null,,donyasport@hotmail.com,,"12/3/09, 5:15 PM",,,msn:donyasport@hotmail.com,,,,,
HOTMAIL,,,null,,paulinha_daniellle@hotmail.com,,"12/3/09, 5:15 PM",,,msn:paulinha_daniellle@hotmail.com,,,,,
HOTMAIL,,,null,,daniely_215@hotmail.com,,"12/3/09, 5:15 PM",,,msn:daniely_215@hotmail.com,,,,,
HOTMAIL,,,null,,bob_doro.fmz@hotmail.com,,"12/3/09, 5:15 PM",,,msn:bob_doro.fmz@hotmail.com,,,,,
HOTMAIL,,,null,,cacaupitty@hotmail.com,,"12/3/09, 5:15 PM",,,msn:cacaupitty@hotmail.com,,,,,
HOTMAIL,,,null,,julianalitivin@msn.com,,"12/3/09, 5:15 PM",,,msn:julianalitivin@msn.com,,,,,
HOTMAIL,,,null,,lele_13_82@hotmail.com,,"12/3/09, 5:15 PM",,,msn:lele_13_82@hotmail.com,,,,,
HOTMAIL,,,null,,laila.anjinho@hotmail.com,,"12/3/09, 5:15 PM",,,msn:laila.anjinho@hotmail.com,,,,,
HOTMAIL,,,null,,milene_20@hotmail.com,,"12/3/09, 5:15 PM",,,msn:milene_20@hotmail.com,,,,,
HOTMAIL,,,null,,floquinho.de.neve@hotmail.com,,"12/3/09, 5:15 PM",,,msn:floquinho.de.neve@hotmail.com,,,,,
HOTMAIL,,,null,,ja_na_92@hotmail.com,,"12/3/09, 5:15 PM",,,msn:ja_na_92@hotmail.com,,,,,
HOTMAIL,,,null,,nina_gatinha@hotmail.com,,"12/3/09, 5:15 PM",,,msn:nina_gatinha@hotmail.com,,,,,
HOTMAIL,,,null,,rafinha_rps@hotmail.com,,"12/3/09, 5:15 PM",,,msn:rafinha_rps@hotmail.com,,,,,
HOTMAIL,,,null,,cristina_gata@hotmail.com,,"12/3/09, 5:15 PM",,,msn:cristina_gata@hotmail.com,,,,,
HOTMAIL,,,null,,gata_molhada@hotmail.com,,"12/3/09, 5:15 PM",,,msn:gata_molhada@hotmail.com,,,,,
HOTMAIL,,,null,,jessica_santos_880@hotmail.com,,"12/3/09, 5:15 PM",,,msn:jessica_santos_880@hotmail.com,,,,,
HOTMAIL,,,null,,brunamais_2@hotmail.com,,"12/3/09, 5:15 PM",,,msn:brunamais_2@hotmail.com,,,,,
HOTMAIL,,,null,,bia_bia@hotmail.com,,"12/3/09, 5:15 PM",,,msn:bia_bia@hotmail.com,,,,,
HOTMAIL,,,null,,nepe_310@hotmail.com,,"12/3/09, 5:15 PM",,,msn:nepe_310@hotmail.com,,,,,
HOTMAIL,,,null,,van_2000@hotmail.com,,"12/3/09, 5:15 PM",,,msn:van_2000@hotmail.com,,,,,
HOTMAIL,,,null,,REEH.EDFISICA.MODEL@HOTMAIL.COM,,"12/3/09, 5:15 PM",,,msn:REEH.EDFISICA.MODEL@HOTMAIL.CO,,,,,
HOTMAIL,,,null,,claudia_girl@hotmail.com,,"12/3/09, 5:15 PM",,,msn:claudia_girl@hotmail.com,,,,,
HOTMAIL,,,null,,salma_maroc_92@hotmail.com,,"12/3/09, 5:15 PM",,,msn:salma_maroc_92@hotmail.com,,,,,
HOTMAIL,,,null,,marianinha_qgata@hotmail.com,,"12/3/09, 5:15 PM",,,msn:marianinha_qgata@hotmail.com,,,,,
HOTMAIL,,,null,,tiaguinho_gvy@hotmail.com,,"12/3/09, 5:15 PM",,,msn:tiaguinho_gvy@hotmail.com,,,,,
HOTMAIL,,,null,,rebeca_gatinha@hotmail.com,,"12/3/09, 5:15 PM",,,msn:rebeca_gatinha@hotmail.com,,,,,
HOTMAIL,,,null,,rahol-_@hotmail.fr,,"12/3/09, 5:15 PM",,,msn:rahol-_@hotmail.fr,,,,,
HOTMAIL,,,null,,sara_22dingoz@hotmail.com,,"12/3/09, 5:15 PM",,,msn:sara_22dingoz@hotmail.com,,,,,
HOTMAIL,,,null,,miss_90@hotmail.com,,"12/3/09, 5:15 PM",,,msn:miss_90@hotmail.com,,,,,
HOTMAIL,,,null,,cassia2msn@hotmail.com,,"12/3/09, 5:15 PM",,,msn:cassia2msn@hotmail.com,,,,,
HOTMAIL,,,null,,hjdeyw@hotmail.com,,"12/3/09, 5:15 PM",,,msn:hjdeyw@hotmail.com,,,,,
HOTMAIL,,,null,,csphc_pam@hotmail.com,,"12/3/09, 5:15 PM",,,msn:csphc_pam@hotmail.com,,,,,
HOTMAIL,,,null,,raissahtona@hotmail.com,,"12/3/09, 5:15 PM",,,msn:raissahtona@hotmail.com,,,,,
HOTMAIL,,,null,,mariane_gata@hotmail.com,,"12/3/09, 5:15 PM",,,msn:mariane_gata@hotmail.com,,,,,
HOTMAIL,,,null,,anass-2020@hotmail.fr,,"12/3/09, 5:15 PM",,,msn:anass-2020@hotmail.fr,,,,,
HOTMAIL,,,null,,jessica_gatinha_fofa@hotmail.com,,"12/3/09, 5:15 PM",,,msn:jessica_gatinha_fofa@hotmail.c,,,,,
HOTMAIL,,,null,,talitacat4@hotmail.com,,"12/3/09, 5:15 PM",,,msn:talitacat4@hotmail.com,,,,,
HOTMAIL,,,null,,flavinhabailarina@hotmail.com,,"12/3/09, 5:15 PM",,,msn:flavinhabailarina@hotmail.com,,,,,
HOTMAIL,,,null,,minina_do_msn@hotmail.com,,"12/3/09, 5:15 PM",,,msn:minina_do_msn@hotmail.com,,,,,
HOTMAIL,,,null,,nacer-defes@hotmail.com,,"12/3/09, 5:15 PM",,,msn:nacer-defes@hotmail.com,,,,,
HOTMAIL,,,null,,jessica.bispo@hotmail.com,,"12/3/09, 5:15 PM",,,msn:jessica.bispo@hotmail.com,,,,,
HOTMAIL,,,null,,jamis_la_vie_1er@hotmail.com,,"12/3/09, 5:15 PM",,,msn:jamis_la_vie_1er@hotmail.com,,,,,
HOTMAIL,,,null,,pink_girl@hotmail.com,,"12/3/09, 5:15 PM",,,msn:pink_girl@hotmail.com,,,,,
HOTMAIL,,,null,,dydinha_linda@hotmail.com,,"12/3/09, 5:15 PM",,,msn:dydinha_linda@hotmail.com,,,,,
HOTMAIL,,,null,,atika_youssef@hotmail.fr,,"12/3/09, 5:15 PM",,,msn:atika_youssef@hotmail.fr,,,,,
HOTMAIL,,,null,,hafid-fathi@hotmail.com,,"12/3/09, 5:15 PM",,,msn:hafid-fathi@hotmail.com,,,,,
HOTMAIL,,,null,,aline_pereira@hotmail.com,,"12/3/09, 5:15 PM",,,msn:aline_pereira@hotmail.com,,,,,
HOTMAIL,,,null,,iloveyou-amine1991@hotmail.com,,"12/3/09, 5:15 PM",,,msn:iloveyou-amine1991@hotmail.com,,,,,
HOTMAIL,,,null,,karen_mika2@hotmail.com,,"12/3/09, 5:15 PM",,,msn:karen_mika2@hotmail.com,,,,,
HOTMAIL,,,null,,julianetdb166@hotmail.com,,"12/3/09, 5:15 PM",,,msn:julianetdb166@hotmail.com,,,,,
HOTMAIL,,,null,,bia_15@hotmail.com,,"12/3/09, 5:15 PM",,,msn:bia_15@hotmail.com,,,,,
HOTMAIL,,,null,,gabi_gl09@hotmail.com,,"12/3/09, 5:15 PM",,,msn:gabi_gl09@hotmail.com,,,,,
HOTMAIL,,,null,,mariana_heloisapereira@hotmail.com,,"12/3/09, 5:15 PM",,,msn:mariana_heloisapereira@hotmail,,,,,
HOTMAIL,,,null,,janalinda16@hotmail.com,,"12/3/09, 5:15 PM",,,msn:janalinda16@hotmail.com,,,,,
HOTMAIL,,,null,,iris_gardenal@hotmail.com,,"12/3/09, 5:15 PM",,,msn:iris_gardenal@hotmail.com,,,,,
HOTMAIL,,,null,,ariane_fernandes@hotmail.com,,"12/3/09, 5:15 PM",,,msn:ariane_fernandes@hotmail.com,,,,,
HOTMAIL,,,null,,mila_87@hotmail.com,,"12/3/09, 5:15 PM",,,msn:mila_87@hotmail.com,,,,,
HOTMAIL,,,null,,nani_nanizinha@hotmail.com,,"12/3/09, 5:15 PM",,,msn:nani_nanizinha@hotmail.com,,,,,
HOTMAIL,,,null,,wallison_tato@hotmail.com,,"12/3/09, 5:15 PM",,,msn:wallison_tato@hotmail.com,,,,,
HOTMAIL,,,null,,samondar_123@hotmail.com,,"12/3/09, 5:15 PM",,,msn:samondar_123@hotmail.com,,,,,
HOTMAIL,recovery_pass_admin@,,null,,recovery_pass_admin@hotmail.com,,"12/3/09, 5:15 PM",,,,,,,,
HOTMAIL,,,null,,yassine.fkire@hotmail.com,,"12/3/09, 5:15 PM",,,msn:yassine.fkire@hotmail.com,,,,,
HOTMAIL,,,null,,robertofo4@hotmail.com,,"12/3/09, 5:15 PM",,,msn:robertofo4@hotmail.com,,,,,
HOTMAIL,,,null,,tdsibr@hotmail.com,,"12/3/09, 5:15 PM",,,msn:tdsibr@hotmail.com,,,,,
HOTMAIL,,,null,,leticiafds_2_1@hotmail.com,,"12/3/09, 5:15 PM",,,msn:leticiafds_2_1@hotmail.com,,,,,
HOTMAIL,,,null,,renata_14@hotmail.com,,"12/3/09, 5:15 PM",,,msn:renata_14@hotmail.com,,,,,
HOTMAIL,,,null,,mari_gostosa@hotmail.com,,"12/3/09, 5:15 PM",,,msn:mari_gostosa@hotmail.com,,,,,
HOTMAIL,,,null,,gleiciamina@hotmail.com,,"12/3/09, 5:15 PM",,,msn:gleiciamina@hotmail.com,,,,,
HOTMAIL,wanessa,silva,null,,wa-nessa-g@hotmail.com,,"12/3/09, 5:15 PM",,,msn:wa-nessa-g@hotmail.com,,,,,
HOTMAIL,,,null,,abde_222_lion@hotmail.com,,"12/3/09, 5:15 PM",,,msn:abde_222_lion@hotmail.com,,,,,
HOTMAIL,,,null,,kamikaze.exe@hotmail.com,,"12/3/09, 5:15 PM",,,,,,,,
HOTMAIL,,,null,,tamy__1206@hotmail.com,,"12/3/09, 5:15 PM",,,msn:tamy__1206@hotmail.com,,,,,
HOTMAIL,,,null,,adriana_gatinha@hotmail.com,,"12/3/09, 5:15 PM",,,msn:adriana_gatinha@hotmail.com,,,,,
HOTMAIL,,,null,,hamid_barca1991@hotmail.fr,,"12/3/09, 5:15 PM",,,msn:hamid_barca1991@hotmail.fr,,,,,
HOTMAIL,,,null,,jeca_htinha@hotmail.com,,"12/3/09, 5:15 PM",,,msn:jeca_htinha@hotmail.com,,,,,
HOTMAIL,,,null,,carla_gatinha@hotmail.com,,"12/3/09, 5:15 PM",,,msn:carla_gatinha@hotmail.com,,,,,
HOTMAIL,,,null,,tiago_92sp@hotmail.com,,"12/3/09, 5:15 PM",,,msn:tiago_92sp@hotmail.com,,,,,
HOTMAIL,,,null,,mariana_heloisa@hotmail.com,,"12/3/09, 5:15 PM",,,msn:mariana_heloisa@hotmail.com,,,,,
HOTMAIL,,,null,,claudiorojas31@hotmail.com,,"12/3/09, 5:15 PM",,,,,,,,
HOTMAIL,,,null,,cristina_16@hotmail.com,,"12/3/09, 5:15 PM",,,msn:cristina_16@hotmail.com,,,,,
HOTMAIL,,,null,,suelem_pitty@hotmail.com,,"12/3/09, 5:15 PM",,,msn:suelem_pitty@hotmail.com,,,,,
HOTMAIL,,,null,,amanda_15@hotmail.com,,"12/3/09, 5:15 PM",,,msn:amanda_15@hotmail.com,,,,,
HOTMAIL,,,null,,millokamoura@hotmail.com,,"12/3/09, 5:15 PM",,,msn:millokamoura@hotmail.com,,,,,
HOTMAIL,,,null,,vivicat_sp@yahoo.com.br,,"12/3/09, 5:15 PM",,,msn:vivicat_sp@yahoo.com.br,,,,,
HOTMAIL,,,null,,vanessa_girl@hotmail.com,,"12/3/09, 5:15 PM",,,msn:vanessa_girl@hotmail.com,,,,,
HOTMAIL,,,null,,sumayasp12345@hotmail.com,,"12/3/09, 5:15 PM",,,msn:sumayasp12345@hotmail.com,,,,,
HOTMAIL,,,null,,adrianoadn_03@hotmail.com.br,,"12/3/09, 5:15 PM",,,msn:adrianoadn_03@hotmail.com.br,,,,,
HOTMAIL,,,null,,jefer_gatinhu@hotmail.com,,"12/3/09, 5:15 PM",,,msn:jefer_gatinhu@hotmail.com,,,,,
HOTMAIL,,,null,,renata_17@hotmail.com,,"12/3/09, 5:15 PM",,,msn:renata_17@hotmail.com,,,,,
HOTMAIL,,,null,,paula_15@hotmail.com,,"12/3/09, 5:15 PM",,,msn:paula_15@hotmail.com,,,,,
HOTMAIL,,,null,,dani_gatinha@hotmail.com,,"12/3/09, 5:15 PM",,,msn:dani_gatinha@hotmail.com,,,,,
HOTMAIL,,,null,,vezetiev@hotmail.com,,"12/3/09, 5:15 PM",,,msn:vezetiev@hotmail.com,,,,,
HOTMAIL,,,null,,osvaldo_b.boy.bom@hotmail.com,,"12/3/09, 5:15 PM",,,msn:osvaldo_b.boy.bom@hotmail.com,,,,,
HOTMAIL,,,null,,thiloko86@hotmail.com,,"12/3/09, 5:15 PM",,,msn:thiloko86@hotmail.com,,,,,
HOTMAIL,,,null,,tati_15@hotmail.com,,"12/3/09, 5:15 PM",,,msn:tati_15@hotmail.com,,,,,
HOTMAIL,,,null,,tataplokinha@hotmail.com,,"12/3/09, 5:15 PM",,,msn:tataplokinha@hotmail.com,,,,,
HOTMAIL,,,null,,welfoware@hotmail.com,,"12/3/09, 5:15 PM",,,msn:welfoware@hotmail.com,,,,,
HOTMAIL,,,null,,chakir_1er@hotmail.com,,"12/3/09, 5:15 PM",,,msn:chakir_1er@hotmail.com,,,,,
HOTMAIL,,,null,,dinha_loukura@hotmail.com,,"12/3/09, 5:15 PM",,,msn:dinha_loukura@hotmail.com,,,,,
HOTMAIL,,,null,,ana_ana_90@hotmail.mas,,"12/3/09, 5:15 PM",,,msn:ana_ana_90@hotmail.mas,,,,,
HOTMAIL,,,null,,je_keka_17@hotmail.com,,"12/3/09, 5:15 PM",,,msn:je_keka_17@hotmail.com,,,,,
HOTMAIL,,,null,,emokid182@sbcglobal.net,,"12/3/09, 5:15 PM",,,msn:emokid182@sbcglobal.net,,,,,
HOTMAIL,,,null,,gabiarantes@bol.com.br,,"12/3/09, 5:15 PM",,,,,,,,
HOTMAIL,,,null,,danilo.geovane@hotmail.com,,"12/3/09, 5:15 PM",,,msn:danilo.geovane@hotmail.com,,,,,
HOTMAIL,,,null,,sanatielle@hotmail.com,,"12/3/09, 5:15 PM",,,msn:sanatielle@hotmail.com,,,,,
HOTMAIL,,,null,,rafael.k6@hotmail.com,,"12/3/09, 5:15 PM",,,msn:rafael.k6@hotmail.com,,,,,
HOTMAIL,,,null,,rockeirinhasexy@hotmail.com,,"12/3/09, 5:15 PM",,,msn:rockeirinhasexy@hotmail.com,,,,,
HOTMAIL,,,null,,dani_13@hotmail.com,,"12/3/09, 5:15 PM",,,msn:dani_13@hotmail.com,,,,,
HOTMAIL,,,null,,thami_kiss@hotmail.com,,"12/3/09, 5:15 PM",,,msn:thami_kiss@hotmail.com,,,,,
HOTMAIL,,,null,,antonio_hafid@hotmail.com,,"12/3/09, 5:15 PM",,,msn:antonio_hafid@hotmail.com,,,,,
HOTMAIL,,,null,,amanda_cantora@hotmail.com,,"12/3/09, 5:15 PM",,,msn:amanda_cantora@hotmail.com,,,,,
HOTMAIL,,,null,,tati_jack@hotmail.com,,"12/3/09, 5:15 PM",,,msn:tati_jack@hotmail.com,,,,,
HOTMAIL,,,null,,habibllah_2er@hotmail.com,,"12/3/09, 5:15 PM",,,msn:habibllah_2er@hotmail.com,,,,,
HOTMAIL,,,null,,tatiane_cat@hotmail.com,,"12/3/09, 5:15 PM",,,msn:tatiane_cat@hotmail.com,,,,,
HOTMAIL,,,null,,cintia_14@hotmail.com,,"12/3/09, 5:15 PM",,,msn:cintia_14@hotmail.com,,,,,
HOTMAIL,,,null,,bina_emocore@hotmail.com,,"12/3/09, 5:15 PM",,,msn:bina_emocore@hotmail.com,,,,,
HOTMAIL,,,null,,thi_emo100@hotmail.com,,"12/3/09, 5:15 PM",,,msn:thi_emo100@hotmail.com,,,,,
HOTMAIL,,,null,,fait_ma_roc@hotmail.com,,"12/3/09, 5:15 PM",,,msn:fait_ma_roc@hotmail.com,,,,,
HOTMAIL,,,null,,mineiropaulo1990@hotmail.com,,"12/3/09, 5:15 PM",,,msn:mineiropaulo1990@hotmail.com,,,,,
HOTMAIL,,,null,,sandra_13@hotmail.com,,"12/3/09, 5:15 PM",,,msn:sandra_13@hotmail.com,,,,,
HOTMAIL,,,null,,rebeca_garota@hotmail.com,,"12/3/09, 5:15 PM",,,msn:rebeca_garota@hotmail.com,,,,,
HOTMAIL,,,null,,vinicius_gts_g@hotmail.com,,"12/3/09, 5:15 PM",,,msn:vinicius_gts_g@hotmail.com,,,,,
HOTMAIL,,,null,,renata_16@hotmail.com,,"12/3/09, 5:15 PM",,,msn:renata_16@hotmail.com,,,,,
HOTMAIL,,,null,,h4ck3rexe@hotmail.com,,"12/3/09, 5:15 PM",,,msn:h4ck3rexe@hotmail.com,,,,,
HOTMAIL,,,null,,danilo_apx@hotmail.com,,"12/3/09, 5:15 PM",,,msn:danilo_apx@hotmail.com,,,,,
HOTMAIL,,,null,,day_gata.loka@hotmail.com,,"12/3/09, 5:15 PM",,,msn:day_gata.loka@hotmail.com,,,,,
HOTMAIL,,,null,,soukayna-btisam@hotmail.com,,"12/3/09, 5:15 PM",,,msn:soukayna-btisam@hotmail.com,,,,,
HOTMAIL,,,null,,mina_gatinha@hotmail.com,,"12/3/09, 5:15 PM",,,msn:mina_gatinha@hotmail.com,,,,,
HOTMAIL,eduarda,rodrigues,null,,duda.rodrigues_@hotmail.com,,"12/3/09, 5:15 PM",,,msn:duda.rodrigues_@hotmail.com,,,,,
HOTMAIL,,,null,,rita_boa@hotmail.com,,"12/3/09, 5:15 PM",,,msn:rita_boa@hotmail.com,,,,,
HOTMAIL,,,null,,elianecontin@hotmail.com,,"12/3/09, 5:15 PM",,,msn:elianecontin@hotmail.com,,,,,
HOTMAIL,,,null,,m@hotmail.com,,"12/3/09, 5:15 PM",,,msn:m@hotmail.com,,,,,
HOTMAIL,,,null,,renata_gostosa@hotmail.com,,"12/3/09, 5:15 PM",,,msn:renata_gostosa@hotmail.com,,,,,
HOTMAIL,,,null,,milene_13@hotmail.com,,"12/3/09, 5:15 PM",,,msn:milene_13@hotmail.com,,,,,
HOTMAIL,,,null,,nobru_bilika@hotmail.com,,"12/3/09, 5:15 PM",,,msn:nobru_bilika@hotmail.com,,,,,
HOTMAIL,,,null,,teeh.lorah@hotmail.com,,"12/3/09, 5:15 PM",,,msn:teeh.lorah@hotmail.com,,,,,
HOTMAIL,,,null,,jhown2006@hotmail.com,,"12/3/09, 5:15 PM",,,msn:jhown2006@hotmail.com,,,,,
HOTMAIL,,,null,,vi_levine@hotmail.com,,"12/3/09, 5:15 PM",,,msn:vi_levine@hotmail.com,,,,,
HOTMAIL,,,null,,iman_biso1986@hotmail.com,,"12/3/09, 5:15 PM",,,msn:iman_biso1986@hotmail.com,,,,,
HOTMAIL,,,null,,bah_maryelle@hotmail.com,,"12/3/09, 5:15 PM",,,msn:bah_maryelle@hotmail.com,,,,,
HOTMAIL,Andreza,carvalho,null,,andrezacarvalho34@hotmail.com,,"12/3/09, 5:15 PM",,,msn:andrezacarvalho34@hotmail.com,,,,,
HOTMAIL,,,null,,patricia_gatinha@hotmail.com,,"12/3/09, 5:15 PM",,,msn:patricia_gatinha@hotmail.com,,,,,
HOTMAIL,,,null,,gabiloka_121@hotmail.com,,"12/3/09, 5:15 PM",,,msn:gabiloka_121@hotmail.com,,,,,
HOTMAIL,,,null,,penelopedorock@hotmail.com,,"12/3/09, 5:15 PM",,,msn:penelopedorock@hotmail.com,,,,,
HOTMAIL,,,null,,mila_rebelde@hotmail.com,,"12/3/09, 5:15 PM",,,msn:mila_rebelde@hotmail.com,,,,,
HOTMAIL,,,null,,LILA.LICA@hotmail.com,,"12/3/09, 5:15 PM",,,msn:LILA.LICA@hotmail.com,,,,,
HOTMAIL,,,null,,ivete_sangalo@hotmail.com,,"12/3/09, 5:15 PM",,,msn:ivete_sangalo@hotmail.com,,,,,
HOTMAIL,,,null,,fernanda_gata@hotmail.com,,"12/3/09, 5:15 PM",,,msn:fernanda_gata@hotmail.com,,,,,
HOTMAIL,,,null,,gabriellaguimaraes3@hotmail.com,,"12/3/09, 5:15 PM",,,msn:gabriellaguimaraes3@hotmail.co,,,,,
HOTMAIL,,,null,,elainekraid@hotmail.com,,"12/3/09, 5:15 PM",,,msn:elainekraid@hotmail.com,,,,,
HOTMAIL,,,null,,b4r7y@hotmail.com,,"12/3/09, 5:15 PM",,,msn:b4r7y@hotmail.com,,,,,
HOTMAIL,,,null,,elisa_13@hotmail.com,,"12/3/09, 5:15 PM",,,msn:elisa_13@hotmail.com,,,,,
HOTMAIL,,,null,,nina_bananinha10@hotmail.com,,"12/3/09, 5:15 PM",,,msn:nina_bananinha10@hotmail.com,,,,,
HOTMAIL,,,null,,nada2007_06@hotmail.fr,,"12/3/09, 5:15 PM",,,msn:nada2007_06@hotmail.fr,,,,,
HOTMAIL,,,null,,flavinha_loirinha_2@hotmail.com,,"12/3/09, 5:15 PM",,,msn:flavinha_loirinha_2@hotmail.co,,,,,
HOTMAIL,,,null,,dinha_jenlon@hotmail.com,,"12/3/09, 5:15 PM",,,msn:dinha_jenlon@hotmail.com,,,,,
HOTMAIL,,,null,,francisco_fancisco@hotmail.com,,"12/3/09, 5:15 PM",,,msn:francisco_fancisco@hotmail.com,,,,,
HOTMAIL,,,null,,pamy_travis@hotmail.com,,"12/3/09, 5:15 PM",,,msn:pamy_travis@hotmail.com,,,,,
HOTMAIL,,,null,,nanda18lindinha@hotmail.com,,"12/3/09, 5:15 PM",,,msn:nanda18lindinha@hotmail.com,,,,,
HOTMAIL,,,null,,mary_pink_eu@hotmail.com,,"12/3/09, 5:15 PM",,,,,,,,
HOTMAIL,,,null,,yaramantovani@hotmail.com,,"12/3/09, 5:15 PM",,,msn:yaramantovani@hotmail.com,,,,,
HOTMAIL,,,null,,nessinha_todinha@hotmail.com,,"12/3/09, 5:15 PM",,,msn:nessinha_todinha@hotmail.com,,,,,
HOTMAIL,,,null,,ro_2006@hotmail.com,,"12/3/09, 5:15 PM",,,msn:ro_2006@hotmail.com,,,,,
HOTMAIL,,,null,,lokinha_05@hotmail.com,,"12/3/09, 5:15 PM",,,msn:lokinha_05@hotmail.com,,,,,
HOTMAIL,,,null,,quel_araujo16@hotmail.com,,"12/3/09, 5:15 PM",,,msn:quel_araujo16@hotmail.com,,,,,
HOTMAIL,,,null,,depoiseuticonto@hotmail.com,,"12/3/09, 5:15 PM",,,msn:depoiseuticonto@hotmail.com,,,,,
HOTMAIL,,,null,,bruninha_12g@hotmail.com,,"12/3/09, 5:15 PM",,,msn:bruninha_12g@hotmail.com,,,,,
HOTMAIL,,,null,,ninametalica@hotmail.com,,"12/3/09, 5:15 PM",,,msn:ninametalica@hotmail.com,,,,,
HOTMAIL,,,null,,zab_tabon_sex@hotmail.com,,"12/3/09, 5:15 PM",,,msn:zab_tabon_sex@hotmail.com,,,,,
HOTMAIL,,,null,,ju_msn@hotmail.com,,"12/3/09, 5:15 PM",,,msn:ju_msn@hotmail.com,,,,,
HOTMAIL,,,null,,loca-sexu@hotmail.com,,"12/3/09, 5:15 PM",,,msn:loca-sexu@hotmail.com,,,,,
HOTMAIL,,,null,,flex-bike@hotmail.com,,"12/3/09, 5:15 PM",,,msn:flex-bike@hotmail.com,,,,,
HOTMAIL,talita,passos,null,,talipassos@hotmail.com,,"12/3/09, 5:15 PM",,,msn:talipassos@hotmail.com,,,,,
HOTMAIL,,,null,,pamela_15@hotmail.com,,"12/3/09, 5:15 PM",,,msn:pamela_15@hotmail.com,,,,,
HOTMAIL,,,null,,laine_1988@hotmail.com,,"12/3/09, 5:15 PM",,,msn:laine_1988@hotmail.com,,,,,
HOTMAIL,,,null,,nica_15@hotmail.com,,"12/3/09, 5:15 PM",,,msn:nica_15@hotmail.com,,,,,
HOTMAIL,,,null,,pati_14@hotmail.com,,"12/3/09, 5:15 PM",,,msn:pati_14@hotmail.com,,,,,
HOTMAIL,,,null,,mehdicacillas_1@hotmail.com,,"12/3/09, 5:15 PM",,,msn:mehdicacillas_1@hotmail.com,,,,,
HOTMAIL,,,null,,kah_pekenina@hotmail.com,,"12/3/09, 5:15 PM",,,msn:kah_pekenina@hotmail.com,,,,,
HOTMAIL,,,null,,gel_gostosa@hotmail.com,,"12/3/09, 5:15 PM",,,msn:gel_gostosa@hotmail.com,,,,,
HOTMAIL,,,null,,deboramixx@hotmail.com,,"12/3/09, 5:15 PM",,,msn:deboramixx@hotmail.com,,,,,
HOTMAIL,,,null,,pampystar@hotmail.com,,"12/3/09, 5:15 PM",,,msn:pampystar@hotmail.com,,,,,
HOTMAIL,,,null,,flavia_13@hotmail.com,,"12/3/09, 5:15 PM",,,msn:flavia_13@hotmail.com,,,,,
HOTMAIL,,,null,,lokinhapor_rock@hotmail.com,,"12/3/09, 5:15 PM",,,msn:lokinhapor_rock@hotmail.com,,,,,
HOTMAIL,,,null,,taci_hm@hotmail.com,,"12/3/09, 5:15 PM",,,msn:taci_hm@hotmail.com,,,,,
HOTMAIL,,,null,,renata_90@hotmail.com,,"12/3/09, 5:15 PM",,,msn:renata_90@hotmail.com,,,,,
HOTMAIL,,,null,,amanditapavora@msn.com,,"12/3/09, 5:15 PM",,,msn:amanditapavora@msn.com,,,,,
HOTMAIL,,,null,,cyber_celeron@hotmail.com,,"12/3/09, 5:15 PM",,,msn:cyber_celeron@hotmail.com,,,,,
HOTMAIL,,,null,,priscila_21@hotmail.com,,"12/3/09, 5:15 PM",,,msn:priscila_21@hotmail.com,,,,,
HOTMAIL,,,null,,ro_gostosa@hotmail.com,,"12/3/09, 5:15 PM",,,msn:ro_gostosa@hotmail.com,,,,,
HOTMAIL,,,null,,riyas_forfi@hotmail.com,,"12/3/09, 5:15 PM",,,msn:riyas_forfi@hotmail.com,,,,,
HOTMAIL,,,null,,wesleyfernando_90@hotmail.com,,"12/3/09, 5:15 PM",,,msn:wesleyfernando_90@hotmail.com,,,,,
HOTMAIL,,,null,,paula_ms@hotmail.com,,"12/3/09, 5:15 PM",,,msn:paula_ms@hotmail.com,,,,,
HOTMAIL,,,null,,ayobe_hiphop@hotmail.com,,"12/3/09, 5:15 PM",,,msn:ayobe_hiphop@hotmail.com,,,,,
HOTMAIL,,,null,,sincera_ap@hotmail.com,,"12/3/09, 5:15 PM",,,msn:sincera_ap@hotmail.com,,,,,
HOTMAIL,,,null,,bibi_gatinha@hotmail.com,,"12/3/09, 5:15 PM",,,msn:bibi_gatinha@hotmail.com,,,,,
HOTMAIL,,,null,,jijit--@hotmail.com,,"12/3/09, 5:15 PM",,,msn:jijit--@hotmail.com,,,,,
HOTMAIL,,,null,,dani_gatona_14@hotmail.com,,"12/3/09, 5:15 PM",,,msn:dani_gatona_14@hotmail.com,,,,,
HOTMAIL,,,null,,china_rafinha@hotmail.com,,"12/3/09, 5:15 PM",,,msn:china_rafinha@hotmail.com,,,,,
HOTMAIL,,,null,,mica_14@hotmail.com,,"12/3/09, 5:15 PM",,,msn:mica_14@hotmail.com,,,,,
HOTMAIL,,,null,,mari_13@hotmail.com,,"12/3/09, 5:15 PM",,,msn:mari_13@hotmail.com,,,,,
HOTMAIL,rauL, -,null,,raulbatista@pop.com.br,,"12/3/09, 5:15 PM",,,msn:raulbatista@pop.com.br,,,,,
HOTMAIL,,,null,,elisa_gt11_3@hotmail.com,,"12/3/09, 5:15 PM",,,msn:elisa_gt11_3@hotmail.com,,,,,
HOTMAIL,,,null,,mila_14@hotmail.com,,"12/3/09, 5:15 PM",,,msn:mila_14@hotmail.com,,,,,
HOTMAIL,,,null,,ayobe_700rawda@hotmail.com,,"12/3/09, 5:15 PM",,,msn:ayobe_700rawda@hotmail.com,,,,,
HOTMAIL,,,null,,bos-1990@hotmail.com,,"12/3/09, 5:15 PM",,,msn:bos-1990@hotmail.com,,,,,
HOTMAIL,,,null,,sidmar91@hotmail.com,,"12/3/09, 5:15 PM",,,msn:sidmar91@hotmail.com,,,,,
HOTMAIL,,,null,,mila_brisacvm@hotmail.com,,"12/3/09, 5:15 PM",,,msn:mila_brisacvm@hotmail.com,,,,,
HOTMAIL,,,null,,jwane_outabwi9a@hotmail.com,,"12/3/09, 5:15 PM",,,msn:jwane_outabwi9a@hotmail.com,,,,,
HOTMAIL,,,null,,alami_fes@hotmail.fr,,"12/3/09, 5:15 PM",,,msn:alami_fes@hotmail.fr,,,,,
HOTMAIL,,,null,,renata_89@hotmail.com,,"12/3/09, 5:15 PM",,,msn:renata_89@hotmail.com,,,,,
HOTMAIL,,,null,,priscila_gatinha@hotmail.com,,"12/3/09, 5:15 PM",,,msn:priscila_gatinha@hotmail.com,,,,,
HOTMAIL,,,null,,priscila_13@hotmail.com,,"12/3/09, 5:15 PM",,,msn:priscila_13@hotmail.com,,,,,
HOTMAIL,,,null,,jane26smile2@hotmail.com,,"12/3/09, 5:15 PM",,,msn:jane26smile2@hotmail.com,,,,,
HOTMAIL,,,null,,carla_cristinan@hotmail.com,,"12/3/09, 5:15 PM",,,msn:carla_cristinan@hotmail.com,,,,,
HOTMAIL,washington,loredo,null,,w.loredo@hotmail.com,,"12/3/09, 5:03 PM",,,msn:w.loredo@hotmail.com,,,,,
HOTMAIL,,,null,,rafael@rafaelms.net,,"12/3/09, 5:03 PM",,,,,,,,
HOTMAIL,,,null,,rafael.madureira@hotmail.com,,"12/3/09, 5:03 PM",,,msn:rafael.madureira@hotmail.com,,,,,
HOTMAIL,,,null,,crizanter9@hotmail.com,,"12/3/09, 5:03 PM",,,msn:crizanter9@hotmail.com,,,,,
HOTMAIL,rauL,Raul,null,,"raulzao@ig.com.br, raul.batista@yahoo.com.br",,"12/3/09, 5:03 PM",,,msn:raul.batista@yahoo.com.br,,,,,
HOTMAIL,,,null,,tatianapires93@hotmail.com,,"12/3/09, 5:03 PM",,,msn:tatianapires93@hotmail.com,,,,,
GOOGLE_CONTACTS,•◘○,○◘•,null,,Ane_baccas@hotmail.com,,"10/17/10, 6:15 PM",,,,,,,,
GOOGLE_CONTACTS,thi&jacky,Filho(Homem),null,,thijacky2010@gmail.com,,"10/17/10, 6:15 PM",,,,,,,,
GOOGLE_CONTACTS,Loja,Suplemento,null,,sac@lojadosuplemento.com.br,,"9/23/10, 8:43 PM",,,,,,,,
GOOGLE_CONTACTS,,,null,,paulo@pauloricardo.eng.br,,"9/23/10, 8:43 PM",,,,,,,,
GOOGLE_CONTACTS,بينور,ستريم,null,,bianorgbi@gmail.com,,"9/23/10, 8:43 PM",,,,,,,,
GOOGLE_CONTACTS,Fabrício,Gimenes,null,,fabriciofgr@gmail.com,,"9/23/10, 8:43 PM",,,,,,,,
GOOGLE_CONTACTS,Aninha,Paulinha,null,,anapaularomanodeassis@gmail.com,,"9/23/10, 8:43 PM",,,,,,,,
GOOGLE_CONTACTS,Alexandre,Mignon,Centro Universitrio 9 de Julho,,amignon@uninove.br,,"9/23/10, 8:43 PM",,,,,,,,
GOOGLE_CONTACTS,D@nnY!!,@@@@!!!!,null,,daniele.santana2008@ig.com.br,,"9/23/10, 8:43 PM",,,,,,,,
GOOGLE_CONTACTS,,,null,,henrique.beralde@gmail.com,,"9/23/10, 8:43 PM",,,,,,,,
GOOGLE_CONTACTS,:,:,null,,bernoulthy@gmail.com,,"9/23/10, 8:43 PM",,,,,,,,
GOOGLE_CONTACTS,,,null,,amignon@gmail.com,,"9/23/10, 8:43 PM",,,,,,,,
GOOGLE_CONTACTS,,,null,,rafaelribeiromadureira@gmail.com,,"9/23/10, 8:43 PM",,,,,,,,
GOOGLE_CONTACTS,Naiara,Ribeiro,null,,naiarazinharock@hotmail.com,,"9/23/10, 8:43 PM",,,,,,,,
GOOGLE_CONTACTS,,,null,,adrianobass@gmail.com,,"9/23/10, 8:43 PM",,,,,,,,
GOOGLE_CONTACTS,Fábio,Junior,null,,juniorsapatelli@hotmail.com,,"9/23/10, 8:43 PM",,,,,,,,
GOOGLE_CONTACTS,Mariana,Brasil,null,,marianagaspar@juntobrasil.com.br,,"9/23/10, 8:43 PM",,,,,,,,
GOOGLE_CONTACTS,Ariel,Coleman,null,,ariel.coleman@hotmail.com,,"9/23/10, 8:43 PM",,,,,,,,
GOOGLE_CONTACTS,,,null,,rafaelms@rafams.net,,"12/3/09, 5:03 PM",,,,,,,,
GOOGLE_CONTACTS,Raul,Batista,null,,tiactive@gmail.com,,"12/3/09, 5:03 PM",,,,,,,,
GOOGLE_CONTACTS,,,null,,karen_mika2@yahoo.com.br,,"12/3/09, 5:03 PM",,,,,,,,
GOOGLE_CONTACTS,Vagner,Chagas,null,,deveza@sioux-brasil.com.br,,"12/3/09, 5:03 PM",,,,,,,,
GOOGLE_CONTACTS,,,null,,cfaria@sbb.org.br,,"12/3/09, 5:03 PM",,,,,,,,
GOOGLE_CONTACTS,,,null,,aline@jsnecr.com.br,,"12/3/09, 5:03 PM",,,,,,,,
GOOGLE_CONTACTS,,,Sysmap,,adriana.marin@sysmap.com.br,,"12/3/09, 5:03 PM",,,,,,,,
GOOGLE_CONTACTS,Carlos,Silva,null,,carlosh.henrique@hotmail.com,,"12/3/09, 5:03 PM",,,,,,,,
GOOGLE_CONTACTS,Marcelo,Macedo,null,,macedo.dba@gmail.com,,"12/3/09, 5:03 PM",,,,,,,,
GOOGLE_CONTACTS,Richard,Leith,null,,richard.leith@red-gate.com,,"12/3/09, 5:03 PM",,,,,,,,
GOOGLE_CONTACTS,,,null,,williamdias_89@yahoo.com.br,,"12/3/09, 5:03 PM",,,,,,,,
GOOGLE_CONTACTS,,,null,,teste@teste.com.br,,"12/3/09, 5:03 PM",,,,,,,,
GOOGLE_CONTACTS,,,null,,aline@jnsecr.com.br,,"12/3/09, 5:03 PM",,,,,,,,
GOOGLE_CONTACTS,Prof,Alves,null,,cobraalves@click21.com.br,,"12/3/09, 5:03 PM",,,,,,,,
GOOGLE_CONTACTS,,Exames,Impacta,,exames@impacta.com.br,,"12/3/09, 5:03 PM",,,,,,,,
GOOGLE_CONTACTS,,,null,,aline@jnsmcr.com.br,,"12/3/09, 5:03 PM",,,,,,,,
GOOGLE_CONTACTS,,Fernando,Uninove,,fernando.amorim@maps.com.br,,"12/3/09, 5:03 PM",,,,,,,,
GOOGLE_CONTACTS,,,null,,marcio@linhadecodigo.com.br,,"12/3/09, 5:03 PM",,,,,,,,
GOOGLE_CONTACTS,Don,Souza,null,,Saga_Christian@hotmail.com,,"12/3/09, 5:03 PM",,,,,,,,
GOOGLE_CONTACTS,Felipe,Bonatto,null,,esputinik13@gmail.com,,"12/3/09, 5:03 PM",,,,,,,,
GOOGLE_CONTACTS,Valdir,Viera,null,,valdir.vieira@5a.com.br,,"12/3/09, 5:03 PM",,,,,,,,
GOOGLE_CONTACTS,,,null,,leonardoquintania@gmail.com,,"12/3/09, 5:03 PM",,,,,,,,
GOOGLE_CONTACTS,marcelo,evangelista,null,,marcelinho.gatinho.21@gmail.com,,"12/3/09, 5:03 PM",,,,,,,,
GOOGLE_CONTACTS,,,null,,inf.bkp@gmail.com,,"12/3/09, 5:03 PM",,,,,,,,
GOOGLE_CONTACTS,,,Senior Solution,,rh@seniorsolution.com.br,,"12/3/09, 5:03 PM",,,,,,,,
GOOGLE_CONTACTS,ωαℓкєя,ѕαℓℓєѕ,null,,walkeraugusto@yahoo.com.br,,"12/3/09, 5:03 PM",,,,,,,,
GOOGLE_CONTACTS,,,null,,rafams@rafaelms.net,,"12/3/09, 5:03 PM",,,,,,,,
GOOGLE_CONTACTS,,,Dell,,Paula_Alves@dell.com,,"12/3/09, 5:03 PM",,,,,,,,
GOOGLE_CONTACTS,,,null,,staff@apinfo.com,,"12/3/09, 5:03 PM",,,,,,,,
GOOGLE_CONTACTS,WAGNER,Viana,null,,chico_retardado@hotmail.com,,"12/3/09, 5:03 PM",,,,,,,,
GOOGLE_CONTACTS,Bernardino,Vieira,null,,bernardino@smartconsulting.com.br,,"12/3/09, 5:03 PM",,,,,,,,
GOOGLE_CONTACTS,,,null,,rafaelms@rafaelms.net,,"12/3/09, 5:03 PM",,,,,,,,
GOOGLE_CONTACTS,,,null,,help@refsnesdata.no,,"12/3/09, 5:03 PM",,,,,,,,
GOOGLE_CONTACTS,,William,null,,Willian.andrade@mailer.com.br,,"12/3/09, 5:03 PM",,,,,,,,
GOOGLE_CONTACTS,,,null,,aline@jnsemc.com.br,,"12/3/09, 5:03 PM",,,,,,,,
GOOGLE_CONTACTS,Greg,Queiroz,null,,greg.timao@gmail.com,,"12/3/09, 5:03 PM",,,,,,,,
GOOGLE_CONTACTS,,,null,,thi.vieira.ornelas@gmail.com,,"12/3/09, 5:03 PM",,,,,,,,
GOOGLE_CONTACTS,Fernando,Matos,null,,fernando@apinfo.com,,"12/3/09, 5:03 PM",,,,,,,,
GOOGLE_CONTACTS,*Cassia,*,null,,cassia.sani@gmail.com,,"12/3/09, 5:03 PM",,,,,,,,
GOOGLE_CONTACTS,Danillo,KoXaRooTs,null,,dmrkoxa@gmail.com,,"12/3/09, 5:03 PM",,,,,,,,
GOOGLE_CONTACTS,Kenia,Cristine,null,,keniacristine@gmail.com,,"12/3/09, 5:03 PM",,,,,,,,
GOOGLE_CONTACTS,ઇઉ,Lαяissα,null,,larissa-luoliv@bol.com.br,,"12/3/09, 5:03 PM",,,,,,,,
GOOGLE_CONTACTS,,,null,,andre.santos@dynamic.com.br,,"12/3/09, 5:03 PM",,,,,,,,
GOOGLE_CONTACTS,Fernando,Lupa,null,,fernando.amorim.alexandre@gmail.com,,"12/3/09, 5:03 PM",,,,,,,,
GOOGLE_CONTACTS,Dario,Ferraz,null,,darioferraz@uol.com.br,,"12/3/09, 5:03 PM",,,,,,,,
GOOGLE_CONTACTS,,,null,,aline@jnsecg.com.br,,"12/3/09, 5:03 PM",,,,,,,,
GOOGLE_CONTACTS,,,null,,amarchiolli@lund.com.br,,"12/3/09, 5:03 PM",,,,,,,,
GOOGLE_CONTACTS,,,null,,aline@jsnemc.com.br,,"12/3/09, 5:03 PM",,,,,,,,
GOOGLE_CONTACTS,,,null,,luizfernando.rocha@uol.com,,"12/3/09, 5:03 PM",,,,,,,,
GOOGLE_CONTACTS,,Pedra,Uninove,,pedra001@hotmail.com,,"12/3/09, 5:03 PM",,,,,,,,
GOOGLE_CONTACTS,,Vanderlei,Uninove,,vjdeko@ig.com.br,,"12/3/09, 5:03 PM",,,,,,,,
GOOGLE_CONTACTS,Lívia,Filhinha,null,,liarruda@hotmail.com,,"12/3/09, 5:03 PM",,,,,,,,
GOOGLE_CONTACTS,Leandro,Sanches,null,,ltsanches@gmail.com,,"12/3/09, 5:03 PM",,,,,,,,
GOOGLE_CONTACTS,,,null,,miro@neptuniaseguros.com.br,,"12/3/09, 5:03 PM",,,,,,,,
GOOGLE_CONTACTS,,,null,,rafaelms90@hotmail.com,,"12/3/09, 5:03 PM",,,,,,,,
GOOGLE_CONTACTS,,,null,,viviane@saconsulting.com.br,,"12/3/09, 5:03 PM",,,,,,,,
GOOGLE_CONTACTS,,,null,,raul.baptista@yahoo.com.br,,"12/3/09, 5:03 PM",,,,,,,,
GOOGLE_CONTACTS,,,null,,raul.baptista@yahoo.com,,"12/3/09, 5:03 PM",,,,,,,,
GOOGLE_CONTACTS,,,null,,raul.batista@yahoo.com,,"12/3/09, 5:03 PM",,,,,,,,
GOOGLE_CONTACTS,Rosana,Silva,null,,rosana.silva@golive.com.br,,"12/3/09, 5:03 PM",,,,,,,,
GOOGLE_CONTACTS,Cíntia,(Enterprise),null,,cintia@enterprisesistemas.com.br,,"12/3/09, 5:03 PM",,,,,,,,
GOOGLE_CONTACTS,,,Accenture,,andreza.p.nogueira@accenture.com,,"12/3/09, 5:03 PM",,,,,,,,
GOOGLE_CONTACTS,,,null,,selecao05@liferh.com.br,,"12/3/09, 5:03 PM",,,,,,,,
GOOGLE_CONTACTS,,,null,,atendimento@sarh.com.br,,"12/3/09, 5:03 PM",,,,,,,,
GOOGLE_CONTACTS,,,null,,edu_pereira@msn.com,,"12/3/09, 5:03 PM",,,,,,,,
GOOGLE_CONTACTS,,,Hospital Israelita Albert Einstein,,priscilagag@einstein.br,,"12/3/09, 5:03 PM",,,,,,,,
GOOGLE_CONTACTS,,,null,,ftancini@nowdigital.com.br,,"12/3/09, 5:03 PM",,,,,,,,
GOOGLE_CONTACTS,,,null,,curriculum@broadnet.com.br,,"12/3/09, 5:03 PM",,,,,,,,
GOOGLE_CONTACTS,,,null,,tecnologia@runner.com.br,,"12/3/09, 5:03 PM",,,,,,,,
GOOGLE_CONTACTS,,,null,,priscila.mattiota@hold.com.br,,"12/3/09, 5:03 PM",,,,,,,,
GOOGLE_CONTACTS,,,null,,gmichels@plug2.com.br,,"12/3/09, 5:03 PM",,,,,,,,
GOOGLE_CONTACTS,,,null,,rh@neptuniaseguros.com.br,,"12/3/09, 5:03 PM",,,,,,,,
GOOGLE_CONTACTS,,,Banco Panamericano,,rmpeixoto@panamericano.com.br,,"12/3/09, 5:03 PM",,,,,,,,
GOOGLE_CONTACTS,,,null,,fabiana@sarh.com.br,,"12/3/09, 5:03 PM",,,,,,,,
GOOGLE_CONTACTS,,,null,,rh@carpio.com,,"12/3/09, 5:03 PM",,,,,,,,
GOOGLE_CONTACTS,,,null,,wklinfo@gmail.com,,"12/3/09, 5:03 PM",,,,,,,,
GOOGLE_CONTACTS,,,null,,marcelo.fonseca@grupositi.com.br,,"12/3/09, 5:03 PM",,,,,,,,
GOOGLE_CONTACTS,,,null,,julio@ativats.com.br,,"12/3/09, 5:03 PM",,,,,,,,
GOOGLE_CONTACTS,,,null,,01188313521@claorotorpedo.com.br,,"12/3/09, 5:03 PM",,,,,,,,
