Type of inference,Description,Inference
Student,Based on your education on your profile and other factors.,0
Senior leader,Executive leader at your company. Based on your experience on your profile and other factors.,0
Likelihood to be a marketer,Based on your profile and other factors.,0.007013018540910757
Interests,"Member's inferred interests based on historical feed interactions, plus members' common industries, companies, skills, titles, and groups.",
Job seeker status,Based on your job seeking activities and other factors.,true
Unemployment Status,Based on the current position on your profile and other factors.,1
Feed influencer score,Based on factors such as your feed activity on LinkedIn.,0.0
Growth stage of career,Based on factors such as your industry and experience on your profile.,1
Sales professional,Based on factors such as your experience and profile headline.,0
Recruiter,Based on factors such as your experience and profile headline.,0
Human resources professional,Based on factors such as your industry and profile headline.,0
Inferred gender,Based on your first name and other factors.,MALE
Inferred birth year,Based on the years of experience on your profile and other factors.,null
Inferred spoken languages,Based on your profile; your activity on LinkedIn; and other factors.,pt; en; es
Small or medium sized business owner,"Based on your current company on your profile, your job title, and other factors.",0
Inferred skills,Based on your experiences on your profile and other factors.,"aws lambda; devops; pl/sql; go (programming language); nunit; operating systems; windows communication foundation (wcf); data storage technologies; human computer interaction; open source software; team leadership; enterprise resource planning (erp); react native; extract, transform, load (etl); apache kafka; ruby on rails; asp.net ajax; sass; google cloud platform (gcp); entity framework; ansible; java; software development; amazon s3; c++; ado.net; wcf services; scrum; performance tuning; xml; database design; electronics; requirements analysis; silverlight; scala; systems analysis; agile methodologies; angularjs; computer science; business intelligence (bi); windows presentation foundation (wpf); asp.net web api; machine learning; ruby; visual studio; amazon ec2; software development life cycle (sdlc); data science; data modeling; development tools; microservices"
Career stability,"Employee with consistency in industry, company, job title, and other factors.",0
Early stage of career,Early stage of career but not a student. Based on factors such as your industry and experience on your profile.,0
People leader,People leader at your company. Based on your experience on your profile and other factors.,0