From,To,Sent At,Message,Direction
 Franciele Marca da Rosa,Rafael Sousa,"4/23/20, 11:30 AM",,INCOMING
Andréa Júdice,Rafael Sousa,"4/22/20, 2:31 PM","Hello, Aldo. How are you? I am an IT hunter, working to a Fintech Company expanding its operations in São Paulo. They need a Tech Lead with Javascript, Node js, Typescript and other expertise that you might have. Can we discuss this oppotunity? The company provides great salaries and career path. ",INCOMING
Veronica  Vasconcelos,Rafael Sousa,"4/22/20, 9:28 AM",,INCOMING
Phillippe Santana,Rafael Sousa,"4/22/20, 7:52 AM","Fala Raphael, tudo bem? Seu contato veio através da Jéssica Galvão. Tenho uma oportunidade na minha empresa, gostei do teu perfil e gostaria de falar mais a respeito; pode me adicionar pra eu te enviar mais detalhes?",INCOMING
Amanda Tajes,Rafael Sousa,"4/15/20, 2:31 AM","Prezado, Gostaria de entender o Vosso momento de carreira atual e se possui interesse em novas oportunidades? Caso sim, favor me adicionar em Vossa rede de contatos.",INCOMING
Matthew Watson,Rafael Sousa,"4/13/20, 5:36 PM",,INCOMING
Vitor Ribeiro Pais Del Pezzo,Rafael Sousa,"3/31/20, 4:15 AM",,INCOMING
Vivian Ramos Gouvea,Rafael Sousa,"3/25/20, 1:46 PM",,INCOMING
Valdir Oliveira,Rafael Sousa,"3/23/20, 4:49 AM","Rafael Vi em seu perfil que é Co-founder and CTO. Tem preocupações em fazer parceria com desenvolvedores de tecnologias externos? Posso enviar nosso portifolio de serviços de integração, softwares, TI, APIs ?  ",INCOMING
Ricardo P.,Rafael Sousa,"3/14/20, 2:23 PM",,INCOMING
Vinicius Cruz,Rafael Sousa,"3/12/20, 3:05 PM",,INCOMING
Tom Bernardes,Rafael Sousa,"3/5/20, 11:55 AM",,INCOMING
July Demenjon de Souza,Rafael Sousa,"3/4/20, 4:24 PM",,INCOMING
Lucas Amorim,Rafael Sousa,"2/28/20, 12:56 AM",,INCOMING
Renato de Luna,Rafael Sousa,"2/11/20, 2:26 PM",,INCOMING
Maria Bruna Martins,Rafael Sousa,"2/11/20, 7:54 AM",,INCOMING
Andy Niemeier,Rafael Sousa,"2/6/20, 10:12 PM",,INCOMING
Rafaela Amaral,Rafael Sousa,"2/4/20, 7:22 AM",,INCOMING
Lucas Bitencourt,Rafael Sousa,"2/4/20, 7:05 AM","Olá Rafael, tudo bem? ",INCOMING
Felipe Saramago,Rafael Sousa,"1/31/20, 11:28 AM","Olá Rafaell! Tudo bem?   Trabalho como headhunter e estou com uma oportunidade para uma fintech, alinhada ao seu perfil que gostaria de lhe apresentar.   Em qual telefone lhe encontro para falarmos? Precisamos de apenas 5 minutos nesse bate papo inicial.   Abs",INCOMING
Jacob Liberman,Rafael Sousa,"1/23/20, 2:43 PM",,INCOMING
Tatiane Almeida Gieswein,Rafael Sousa,"1/21/20, 8:41 AM",,INCOMING
arthur Soares,Rafael Sousa,"1/5/20, 7:43 AM",,INCOMING
Ana Paula Onodera,Rafael Sousa,"1/3/20, 7:40 AM",,INCOMING
Alex Kim,Rafael Sousa,"1/3/20, 5:41 AM",,INCOMING
Paulo Afonso,Rafael Sousa,"12/23/19, 8:29 PM",,INCOMING
Charlie Qazi,Rafael Sousa,"12/17/19, 12:42 PM",,INCOMING
Thamires Prince,Rafael Sousa,"12/9/19, 12:25 PM",,INCOMING
Caroline Leão,Rafael Sousa,"11/27/19, 12:12 PM","Rafael, boa tarde  Sou HeadHunter de TI e possuo oportunidades para Desenvolvedor .NET C#/Node.JS. Caso tenha interesse, favor enviar seu CV para caroline.leao@cg.agence.com.br. Caso não tenha interesse nesse momento, me adicione de qualquer jeito como conexão para futuras oportunidades. Obrigada. ",INCOMING
Mariana Santos,Rafael Sousa,"11/26/19, 5:36 PM","Oi Rafael como vai?  Busco por Engenheiros React Sênior, regime CLT de até R$ 14,5k + benefícios completos, para a equipe do e-commerce mais rápido do Brasil e um dos maiores em inovação da América Latina. Local: Vila Lobos.  Qual é o seu celular para falarmos? Se não tiver interesse, me avise.",INCOMING
Ekaterina Olkhovaya,Rafael Sousa,"11/24/19, 9:55 PM",Hello! We are a team of experienced specialists driven by a passion to deliver the next level of video monetization. We need really good DevOps ninja with experience 3years+ to join us in our office in Halle. Could relocation to Halle be interesting to you? ,INCOMING
Michel Toledo,Rafael Sousa,"11/22/19, 10:16 AM",,INCOMING
Giovani Poleto ,Rafael Sousa,"11/21/19, 6:30 AM",,INCOMING
Márcia Motta,Rafael Sousa,"11/21/19, 3:25 AM",,INCOMING
Dani Veiga ,Rafael Sousa,"11/15/19, 12:47 AM",,INCOMING
Airton Gaudenci,Rafael Sousa,"11/14/19, 9:19 AM","Olá Rafael, tudo bem? Sou especialista do mercado de Startups, achei muito interessante suas skills em programação funcional! Queria bater um papo com você para te conhecer, e se fizer sentido pensarmos em algum projeto novo!",INCOMING
Darina Taran,Rafael Sousa,"11/12/19, 4:18 AM","Hi, Rafael Our team is looking for Front-end developer who would be interested in a relocate to Portugal Are you considering offers like this? Darina, RelocateMe",INCOMING
Bruna B. Vieira de Mello,Rafael Sousa,"11/6/19, 8:15 AM",Olá!! Sou Bruna Mello Gestora de Atração e Seleção na Sinergia Soluções. Estou trabalhando uma vaga de Desenvolvedor Full Stack senior para atuar em SP e gostamos muito do seu perfil e gostaria de saber se você tem interesse em participar do processo. Att.,INCOMING
Diogo Murillo Ribeiro de Oliveira,Rafael Sousa,"11/6/19, 5:40 AM",,INCOMING
Luiza von Ah Ambiel,Rafael Sousa,"11/5/19, 12:45 PM","Olá Rafael, vamos revolucionar o mercado de pagamentos juntos?",INCOMING
Mauro Tardivo Filho,Rafael Sousa,"11/4/19, 6:17 AM","Olá Rafael, Sou o Mauro, Arquiteto de Sistemas na CI&T e estamos com uma oportunidade para atuação num projeto internacional. Caso tenha interesse, poderia encaminhar seu telefone e/ou e-mail para entrar em contato e entender um pouco mais do seu perfil e tirar possíveis dúvidas? Abraços!",INCOMING
Thiago Silva,Rafael Sousa,"11/2/19, 11:37 AM",,INCOMING
Daniel Pessoa,Rafael Sousa,"11/1/19, 5:38 AM",,INCOMING
Sabrina Duarte,Rafael Sousa,"11/1/19, 4:22 AM",,INCOMING
DRL Talents,Rafael Sousa,"10/29/19, 11:01 AM",,INCOMING
Roberta Foresti,Rafael Sousa,"10/28/19, 11:34 AM",,INCOMING
Ícaro Carbonari Paludo,Rafael Sousa,"10/24/19, 9:27 AM","Oi Rafael, tudo bem?  Estou com uma posição de Desenvolvedor Python para uma empresa que atua no segmento de logística em Florianópolis. Se tiver interesse ou conhecer alguém com esse perfil, por favor, entre em contato comigo. Abraço,   icaro@foxhumancapital.com 48 9 9619 3009 ",INCOMING
Yunna Jimenez,Rafael Sousa,"10/15/19, 10:58 AM",,INCOMING
Paola Meireles,Rafael Sousa,"10/14/19, 11:36 AM","Ola, A Inex IT esta buscando Engenheiro de Software Sênior - Backende com Python e Node.Js. Sera um dirferencial, mas não obrigatório experiencia com NumPy, Pandas, MindsDB, SciPy, RabbitMQ, banco de horas MongoDB / ElasticSearch Local: Morumbi  Tempo: Indeterminado. ",INCOMING
Charlie Cotona,Rafael Sousa,"9/23/19, 7:02 PM",Hi Rafael!   I am currently searching for Senior Front End Engineers for My client Zalando in Belrin  We are looking for a talented FrontEnd Engineer to works across React and Redux on new greenfield projects.  Would this interest you?   Kind Regards Charlie,INCOMING
Mauricio Rodrigo Pandelo,Rafael Sousa,"9/20/19, 11:31 AM","VAGAS - NODE/REACT - estamos com algumas posições de Full com exp.em NodeJs, ReactJs, Serverless, AWS e metodologia ágil. Projeto em empresa de grande porte na região da Av. Paulista. Interessados enviar currículo para rh@sysplansp.com.br e colocar no assunto: FULL PAULISTA Aceitamos indicações",INCOMING
Bruna Sousa Rey Alvarez,Rafael Sousa,"9/16/19, 3:46 AM",,INCOMING
Bárbara Romano Paixão,Rafael Sousa,"9/11/19, 6:34 PM",,INCOMING
Israel Wenceslau Alves,Rafael Sousa,"9/11/19, 2:49 PM","Boa tarde Rafael,   Sou HeadHunter de TI e possuo uma oportunidade para Desenvolvedor .NET Caso tenha interesse, favor enviar seu CV para israel.alves@sp.agence.com.br. Caso não tenha interesse nesse momento, me adicione de qualquer jeito como conexão para futuras oportunidades.  Abs.;",INCOMING
Mariana Rodrigues,Rafael Sousa,"8/7/19, 1:52 PM","Oi Rafael! Realizamos Headhunting para Fintech premiada como uma das 50 Fintechs mais inclusivas do mundo. Você atuará com Integrações para grandes clientes, com grandes volumes de transações. Você tem interesse em agendar ligação confidencial para detalhes? Abs, Mariana. ",INCOMING
María Laura Eroles,Rafael Sousa,"8/1/19, 12:24 PM",,INCOMING
Angelo Morais,Rafael Sousa,"7/25/19, 10:31 AM",,INCOMING
Mari Werneck,Rafael Sousa,"7/24/19, 5:09 PM",,INCOMING
Shirley Sarno Pinheiro,Rafael Sousa,"5/25/19, 4:53 PM",,INCOMING
Alexandre Gomes Garupo,Rafael Sousa,"5/21/19, 7:44 PM",,INCOMING
