Login Date,IP Address,User Agent,Login Type
Wed Feb 12 17:04:41 UTC 2020,2804:431:c7d5:e857:35ad:b85a:26d:2af6,"Mozilla/5.0 (Linux; Android 10; SM-G975F) AppleWebKit/537.36 (KHTML, like Gecko) Chrome/80.0.3987.99 Mobile Safari/537.36",Login
Thu Apr 30 13:17:26 UTC 2020,2804:431:c7d4:3deb:4d70:40ed:f584:73,"Mozilla/5.0 (Macintosh; Intel Mac OS X 10_15_4) AppleWebKit/537.36 (KHTML, like Gecko) Chrome/81.0.4044.129 Safari/537.36",Login
Fri Feb 01 19:07:22 UTC 2019,2804:431:d708:c57f:ecd7:d699:57f8:1a38,"Mozilla/5.0 (Linux; Android 8.1.0; SM-N9600) AppleWebKit/537.36 (KHTML, like Gecko) Chrome/71.0.3578.99 Mobile Safari/537.36",Login
Fri Feb 01 21:30:53 UTC 2019,2804:431:d708:c57f:ecd7:d699:57f8:1a38,"Mozilla/5.0 (Linux; Android 8.1.0; SM-N9600) AppleWebKit/537.36 (KHTML, like Gecko) Chrome/71.0.3578.99 Mobile Safari/537.36",Third Party Login
Wed Oct 24 12:33:15 UTC 2018,2804:431:d708:fad3:46bf:cad5:13d3:5580,LIAuthLibrary:0.0.3 com.linkedin.android:4.1.235 samsung_SM-N9600:android_8.1.0,Third Party Login
Thu Jul 11 00:18:07 UTC 2019,2804:431:c7d4:2e6e:e58b:a1f7:a849:2974,LIAuthLibrary:0.0.3 com.linkedin.android:4.1.326 samsung_SM-G975F:android_9,Login
Wed Oct 03 22:29:02 UTC 2018,2804:431:d708:cc96:d0e0:be69:60e7:52e5,"Mozilla/5.0 (Macintosh; Intel Mac OS X 10_14) AppleWebKit/605.1.15 (KHTML, like Gecko) Version/12.0 Safari/605.1.15",Website Login
Tue Nov 05 19:41:12 UTC 2019,2804:431:c7d4:b4a5:f867:8da9:29d2:50ee,"Mozilla/5.0 (Macintosh; Intel Mac OS X 10_14_6) AppleWebKit/605.1.15 (KHTML, like Gecko) Version/12.1.2 Safari/605.1.15",Login
Tue Feb 05 18:09:42 UTC 2019,2804:431:d708:d8d4:7998:e442:1a2b:2412,"Mozilla/5.0 (Macintosh; Intel Mac OS X 10_14_2) AppleWebKit/537.36 (KHTML, like Gecko) Chrome/72.0.3626.81 Safari/537.36",Third Party Login
Wed Jul 25 18:02:25 UTC 2018,2804:431:d708:be15:89fd:1a93:b7a3:5cad,"Mozilla/5.0 (Macintosh; Intel Mac OS X 10_13_6) AppleWebKit/537.36 (KHTML, like Gecko) Chrome/67.0.3396.99 Safari/537.36",Website Login
Wed Feb 06 18:34:03 UTC 2019,191.19.211.116,"Mozilla/5.0 (Macintosh; Intel Mac OS X 10_14_2) AppleWebKit/537.36 (KHTML, like Gecko) Chrome/72.0.3626.81 Safari/537.36",Third Party Login
Wed Apr 15 22:10:03 UTC 2020,2804:431:c7d5:a844:246f:b56a:7568:4d19,Mozilla/5.0 (Macintosh; Intel Mac OS X 10.15; rv:75.0) Gecko/20100101 Firefox/75.0,Login
Mon Mar 23 19:44:23 UTC 2020,2804:431:c7d5:78be:e420:d149:b498:1105,"Mozilla/5.0 (Macintosh; Intel Mac OS X 10_15_3) AppleWebKit/537.36 (KHTML, like Gecko) Chrome/80.0.3987.149 Safari/537.36",Login
Tue Jul 31 03:10:28 UTC 2018,2804:431:d708:be15:c90e:4071:454e:d968,"Mozilla/5.0 (iPad; CPU OS 11_2_6 like Mac OS X) AppleWebKit/604.5.6 (KHTML, like Gecko) Version/11.0 Mobile/15D100 Safari/604.1",Login
Tue Jan 15 00:35:55 UTC 2019,2804:431:d708:c598:48c8:2628:6ca8:974f,"Mozilla/5.0 (Macintosh; Intel Mac OS X 10_14_2) AppleWebKit/605.1.15 (KHTML, like Gecko) Version/12.0.2 Safari/605.1.15",Third Party Login
Thu Apr 23 16:35:12 UTC 2020,2804:431:c7d5:a844:2822:c1f6:f8e:3738,"Mozilla/5.0 (Macintosh; Intel Mac OS X 10_15_4) AppleWebKit/537.36 (KHTML, like Gecko) Chrome/81.0.4044.113 Safari/537.36",Login
Tue Sep 24 21:43:43 UTC 2019,2804:431:c7d4:4f5a:2df2:a627:2c0f:4302,"Mozilla/5.0 (Macintosh; Intel Mac OS X 10_14_6) AppleWebKit/605.1.15 (KHTML, like Gecko) Version/13.0 Safari/605.1.15",Login
Tue Feb 05 11:22:14 UTC 2019,2804:431:d708:d8d4:ecd7:d699:57f8:1a38,"Mozilla/5.0 (Linux; Android 8.1.0; SM-N9600) AppleWebKit/537.36 (KHTML, like Gecko) Chrome/71.0.3578.99 Mobile Safari/537.36",Third Party Login
Wed Apr 15 21:13:11 UTC 2020,2804:431:c7d5:a844:246f:b56a:7568:4d19,"Mozilla/5.0 (Macintosh; Intel Mac OS X 10_15_4) AppleWebKit/537.36 (KHTML, like Gecko) Chrome/81.0.4044.92 Safari/537.36",Login
Sun Apr 19 16:27:48 UTC 2020,2804:431:c7d5:a844:a0ee:26:545f:e07b,"Mozilla/5.0 (Macintosh; Intel Mac OS X 10_15_4) AppleWebKit/537.36 (KHTML, like Gecko) Chrome/81.0.4044.113 Safari/537.36",Login
Wed Apr 15 20:33:52 UTC 2020,2804:431:c7d5:a844:a0fc:51eb:dbf0:1c3,"Mozilla/5.0 (Macintosh; Intel Mac OS X 10_15_4) AppleWebKit/537.36 (KHTML, like Gecko) Chrome/81.0.4044.92 Safari/537.36",Login
Tue Jan 15 00:36:19 UTC 2019,2804:431:d708:c598:48c8:2628:6ca8:974f,"Mozilla/5.0 (Macintosh; Intel Mac OS X 10_14_2) AppleWebKit/605.1.15 (KHTML, like Gecko) Version/12.0.2 Safari/605.1.15",Third Party Login
