Company Name,Title,Description,Location,Started On,Finished On
"Fieldtech Software, Inc.",Head Of Engineering,"Helped bring to life a digital platform to help automate workflows for life insurance. More specifically, a multi-tenant white label solution designed to streamline the process of selling insurance.  My role was to help develop/design the base feature set while also taking care of the tooling necessary to help in development. Features worth mentioning include: customization of life insurance forms, rules engine to determine risk classification for multiple carriers, instant save feature when filling out forms and etc. Also, created a process necessary to perform continuous integration and continuous delivery on CircleCI.  Tech stack  Frontend:    - React with Redux for state management or React Hooks/Context   - Ant Design / LESS   - Typescript   - Gatsby Backend:    - Go Data Storage:   Google Firestore (Firebase) and AWS S3    Hosted on AWS EKS (Orchestrated by K8's)",United States,Feb 2019,Feb 2020
CarLabs,Software Architect,"Full stack engineer building chatbots and tooling around them.  Technology stack used for frontend apps: React (with Redux for state management), ImmutableJS, Typescript, ES6/7, Node.js Hosting and infrastructure: AWS, Docker and Kubernetes Backend: Elixir, Python, Node.js Databases: Apache TinkerPop, Postgres ",United States,Sep 2017,Jan 2019
"Agile Content, S.A.",Technical Lead,Acting in digital content distribution projects with OTT Technology - VoD and Live Streaming solutions.  Main activities: Architecture and development of REST APIs with NodeJS on UNIX platforms. Architecture and development of REACT frontend applications for OTT solutions. Architecture and implementation of NodeJS application deployment solutions. CDN architecture and implementation for distribution of digital content in various formats.,"São Paulo, Brazil",Oct 2016,Sep 2017
UUX Ultimate User eXperience,Full Stack Engineer,"Create backend + frontend systems, take care of continuous integration/deploy tasks, automate load testing of critical applications, set up cloud infrastructure for web applications on AWS of both Windows and Linux platforms.  Backend stack: .NET framework (C#) with SQL Server and Memcached. Frontend stack: React, KnockoutJS, JQuery with pure HTML, Javascript and CSS on ASP.NET MVC views. ","São Paulo Area, Brazil",Nov 2013,Oct 2016
LabOne Systems S/A,Web Developer,"I worked on the Sonora project from Terra Networks, the largest music streaming service in Latin America at the time. Focus on .NET stack (ASP.NET MVC, Web APIs, C#), relational database (SQL Server) and heavy front end development (HTML, CSS and Javascript). Flash and ActionScript were also eventually used to maintain legacy tools. ","São Paulo Area, Brazil",Aug 2011,Nov 2013
Senior Solution,Web Developer,"I participated in the implementation / development of Fixed Income and Derivatives products in the SBS platform, and also advised large financial institutions. Technology stack: - Backend: .NET Platform (ASP.NET Web Pages, C #, Web Services (SOAP), Windows Services, COM + Components). SQL Server and Oracle databases were used to persist data. - Frontend: ASP.NET Webforms with CSS and basic javascript for DOM manipulation and data fetching (AJAX) ","São Paulo Area, Brazil",Jul 2009,Aug 2011
Neptunia Corretora de Seguros,Internship,Internship at an insurance broker company being the lone IT person in charge of tasks such as: - Website maintenance (updating a PHP website with new content and changing minor portions of PHP scripts and Javascripts)  - Automate some tasks like logging into insurance company websites using C# in conjunction with Roboform app (password manager and form filler) - Maintenance of system backups - Maintenance of SharePoint and AD server  - Maintenance of SQUID proxy running on a Fedora machine,"São Paulo, Brazil",Jul 2008,Jul 2009
