Date,Type,Link
2020-01-23 23:40:30,PRAISE,https://www.linkedin.com/feed/update/urn%3Ali%3Aactivity%3A6623109069517406208
2019-09-24 21:44:05,LIKE,https://www.linkedin.com/feed/update/urn%3Ali%3Aarticle%3A8344584128302310766
2019-05-03 01:28:58,LIKE,https://www.linkedin.com/feed/update/urn%3Ali%3Aactivity%3A6528766848526278657
2019-03-01 00:18:58,LIKE,https://www.linkedin.com/feed/update/urn%3Ali%3Aarticle%3A8379350686004389222
2018-05-28 17:02:59,LIKE,https://www.linkedin.com/feed/update/urn%3Ali%3Aactivity%3A6403704732686249984
2018-05-13 01:37:45,LIKE,https://www.linkedin.com/feed/update/urn%3Ali%3Aactivity%3A6399085398034837504
2018-05-13 01:35:01,LIKE,https://www.linkedin.com/feed/update/urn%3Ali%3Aactivity%3A6398566482233561088
2018-03-02 21:48:39,LIKE,https://www.linkedin.com/feed/update/urn%3Ali%3AugcPost%3A6374670099588096000
2018-01-10 22:07:56,LIKE,https://www.linkedin.com/feed/update/urn%3Ali%3AgroupPost%3A65688-6355814666631020548
2016-11-06 01:42:16,LIKE,https://www.linkedin.com/feed/update/urn%3Ali%3AgroupPost%3A2906459-6198869053369520132
2016-07-28 20:50:22,LIKE,https://www.linkedin.com/feed/update/urn%3Ali%3AgroupPost%3A65688-6163444712523972608
2016-05-03 01:04:57,LIKE,https://www.linkedin.com/feed/update/urn%3Ali%3AgroupPost%3A2906459-6130986394656530433
2015-10-06 03:31:37,LIKE,https://www.linkedin.com/feed/update/urn%3Ali%3Aactivity%3A6056782210600566784
2014-05-06 14:08:28,LIKE,https://www.linkedin.com/feed/update/urn%3Ali%3AgroupPost%3A1779887-5868996922282364931
