Time,Search Query
2020/04/07 22:03:14 UTC,"Fieldtech Software, Inc."
2020/04/07 22:03:15 UTC,"Fieldtech Software, Inc."
2019/08/24 15:09:23 UTC,Senior Software Engineer
2020/01/28 20:47:21 UTC,"Fieldtech Software, Inc."
2020/01/28 20:43:57 UTC,"Fieldtech Software, Inc."
2020/01/28 20:44:42 UTC,fieldtech software
2020/01/28 20:44:42 UTC,fieldtech software
2020/01/28 20:45:34 UTC,fieldtech software
2020/01/28 20:43:46 UTC,"Fieldtech Software, Inc."
2020/01/28 20:45:34 UTC,fieldtech software
2020/01/28 20:43:45 UTC,"Fieldtech Software, Inc."
2020/01/30 18:07:10 UTC,Senior Software Engineer
2020/01/28 20:47:21 UTC,"Fieldtech Software, Inc."
2020/01/28 20:43:39 UTC,"Fieldtech Software, Inc."
2020/01/28 20:46:09 UTC,"Fieldtech Software, Inc."
2020/01/30 18:07:10 UTC,Senior Software Engineer
2020/01/28 20:44:26 UTC,"fieldtech software, inc."
2020/01/30 18:07:10 UTC,Senior Software Engineer
2020/01/28 20:44:11 UTC,"fieldtech software, inc."
2019/01/18 13:42:31 UTC,Elixir
2020/01/28 20:44:11 UTC,"fieldtech software, inc."
2020/01/28 20:45:43 UTC,fieldtech software
2020/01/28 20:44:42 UTC,fieldtech software
2019/05/02 02:51:10 UTC,FacilitationLabs
2019/01/01 18:58:07 UTC,elixir
2019/01/01 18:56:32 UTC,elixir
2019/05/02 02:51:41 UTC,facilitation labs
2019/05/02 02:51:58 UTC,facilitation labs
2019/05/02 02:52:03 UTC,facilitation labs
2019/05/02 02:51:12 UTC,FacilitationLabs
2019/05/02 02:55:17 UTC,facilitation labs
2019/05/02 02:53:03 UTC,facilitation labs
2019/01/01 18:33:15 UTC,elixir
2019/08/24 15:09:23 UTC,Senior Software Engineer
2019/01/01 18:58:44 UTC,elixir
2019/08/24 15:09:23 UTC,Senior Software Engineer
2019/01/01 18:33:04 UTC,elixir
2019/01/01 18:57:39 UTC,elixir
2019/01/01 18:37:05 UTC,elixir
2019/05/02 02:51:53 UTC,facilitation labs
2019/05/02 02:52:31 UTC,facilitationlabs
2019/05/02 02:51:47 UTC,facilitation labs
2019/05/02 02:51:10 UTC,FacilitationLabs
2019/01/01 18:59:23 UTC,elixir
2019/08/24 15:09:23 UTC,Senior Software Engineer
2019/08/24 15:09:22 UTC,Senior Software Engineer
2019/01/01 18:33:04 UTC,elixir
2020/01/28 20:43:39 UTC,"Fieldtech Software, Inc."
2019/01/18 13:42:30 UTC,Elixir
2019/01/18 13:42:31 UTC,Elixir
2020/01/30 18:07:09 UTC,Senior Software Engineer
2020/01/28 20:46:10 UTC,"Fieldtech Software, Inc."
